timestamp,machine_id,machine_name,rpm,temperature,vibration,power,health,status,operating_hours,produced_units
2026-09-26 11:07:42,M1,Cutting,1491.1,65.88,0.2652,14.06,0.9999,NORMAL,0.08,10
2026-09-26 11:12:42,M1,Cutting,1796.24,67.32,0.353,17.88,0.9998,NORMAL,0.17,12
2026-09-26 11:17:42,M1,Cutting,1479.1,68.37,0.2272,14.19,0.9997,NORMAL,0.25,10
2026-09-26 11:22:42,M1,Cutting,1492.74,69.61,0.2467,13.72,0.9996,NORMAL,0.33,10
2026-09-26 11:27:42,M1,Cutting,1520.48,70.44,0.2424,14.08,0.9995,NORMAL,0.42,10
2026-09-26 11:32:42,M1,Cutting,1495.19,71.06,0.278,13.94,0.9994,NORMAL,0.5,10
2026-09-26 11:37:42,M1,Cutting,1495.73,71.79,0.2561,14.0,0.9993,NORMAL,0.58,10
2026-09-26 11:42:42,M1,Cutting,1801.67,72.97,0.3632,17.38,0.9992,NORMAL,0.67,12
2026-09-26 11:47:42,M1,Cutting,751.75,72.04,0.05,6.42,0.9991,NORMAL,0.75,5
2026-09-26 11:52:42,M1,Cutting,1496.31,72.95,0.2239,14.21,0.999,NORMAL,0.83,10
2026-09-26 11:57:42,M1,Cutting,1504.66,74.01,0.2617,14.18,0.9989,NORMAL,0.92,10
2026-09-26 12:02:42,M1,Cutting,1493.29,74.91,0.265,13.94,0.9988,NORMAL,1.0,10
2026-09-26 12:07:42,M1,Cutting,1498.58,76.07,0.2369,13.92,0.9987,NORMAL,1.08,10
2026-09-26 12:12:42,M1,Cutting,1799.42,77.75,0.3508,17.98,0.9986,NORMAL,1.17,12
2026-09-26 12:17:42,M1,Cutting,1211.96,78.9,0.1467,10.65,0.9985,NORMAL,1.25,8
2026-09-26 12:22:42,M1,Cutting,1500.7,79.73,0.2207,13.94,0.9984,NORMAL,1.33,10
2026-09-26 12:27:42,M1,Cutting,745.72,78.87,0.0742,5.94,0.9983,NORMAL,1.42,5
2026-09-26 12:32:42,M1,Cutting,1493.53,79.94,0.2555,13.9,0.9982,NORMAL,1.5,10
2026-09-26 12:37:42,M1,Cutting,1210.97,79.99,0.1707,10.62,0.9981,NORMAL,1.58,8
2026-09-26 12:42:42,M1,Cutting,1496.86,80.88,0.2546,13.71,0.9971,WARNING,1.67,10
2026-09-26 12:47:42,M1,Cutting,1478.76,81.56,0.2467,14.07,0.9955,WARNING,1.75,10
2026-09-26 12:52:42,M1,Cutting,1498.71,82.93,0.2542,14.08,0.9924,WARNING,1.83,10
2026-09-26 12:57:42,M1,Cutting,1499.85,83.4,0.2378,13.67,0.9889,WARNING,1.92,10
2026-09-26 13:02:42,M1,Cutting,1500.48,84.15,0.2584,14.49,0.9847,WARNING,2.0,10
2026-09-26 13:07:42,M1,Cutting,1502.72,85.18,0.2381,14.0,0.9794,WARNING,2.08,10
2026-09-26 13:12:42,M1,Cutting,1206.33,85.74,0.1462,10.4,0.9736,WARNING,2.17,8
2026-09-26 13:17:42,M1,Cutting,1792.95,87.16,0.3831,17.79,0.9663,WARNING,2.25,12
2026-09-26 13:22:42,M1,Cutting,1500.8,87.5,0.2628,13.9,0.9587,WARNING,2.33,10
2026-09-26 13:27:42,M1,Cutting,1804.29,89.26,0.372,17.59,0.9494,WARNING,2.42,12
2026-09-26 13:32:42,M1,Cutting,1493.73,90.31,0.2493,13.94,0.9389,WARNING,2.5,10
2026-09-26 13:37:42,M1,Cutting,1210.91,90.35,0.1783,11.09,0.9285,WARNING,2.58,8
2026-09-26 13:42:42,M1,Cutting,1202.08,90.11,0.1652,10.74,0.9183,WARNING,2.67,8
2026-09-26 13:47:42,M1,Cutting,1804.94,91.76,0.4013,18.02,0.9064,WARNING,2.75,12
2026-09-26 13:52:42,M1,Cutting,1502.34,93.12,0.2899,13.86,0.8932,WARNING,2.83,10
2026-09-26 13:57:42,M1,Cutting,1805.88,94.47,0.3804,17.58,0.8786,WARNING,2.92,12
2026-09-26 14:02:42,M1,Cutting,1807.71,96.29,0.4309,17.86,0.8622,CRITICAL,3.0,12
2026-09-26 14:07:42,M1,Cutting,1489.04,97.36,0.2946,13.85,0.8448,CRITICAL,3.08,10
2026-09-26 14:12:42,M1,Cutting,1800.1,98.85,0.4551,18.07,0.8258,CRITICAL,3.17,12
2026-09-26 14:17:42,M1,Cutting,1492.3,99.67,0.3089,14.2,0.8061,CRITICAL,3.25,10
2026-09-26 14:22:42,M1,Cutting,1498.21,100.61,0.3168,14.14,0.7854,CRITICAL,3.33,10
2026-09-26 14:27:42,M1,Cutting,746.38,100.3,0.1325,6.4,0.765,CRITICAL,3.42,5
2026-09-26 14:32:42,M1,Cutting,1501.71,101.15,0.338,13.75,0.7437,CRITICAL,3.5,10
2026-09-26 14:37:42,M1,Cutting,1501.85,102.27,0.3405,13.84,0.7213,CRITICAL,3.58,10
2026-09-26 14:42:42,M1,Cutting,1808.66,103.43,0.4435,17.99,0.6978,CRITICAL,3.67,12
2026-09-26 14:47:42,M1,Cutting,1202.44,103.58,0.2788,10.64,0.6741,CRITICAL,3.75,8
2026-09-26 14:52:42,M1,Cutting,1504.57,104.66,0.3738,14.23,0.6494,CRITICAL,3.83,10
2026-09-26 14:57:42,M1,Cutting,1190.78,104.85,0.2699,10.29,0.6244,CRITICAL,3.92,8
2026-09-26 15:02:42,M1,Cutting,1518.52,105.86,0.3573,13.63,0.5985,CRITICAL,4.0,10
2026-09-26 15:07:42,M1,Cutting,1492.86,107.12,0.3925,13.93,0.5712,CRITICAL,4.08,10
2026-09-26 15:12:42,M1,Cutting,1494.16,107.94,0.3903,14.04,0.5432,CRITICAL,4.17,10
2026-09-26 15:17:42,M1,Cutting,1510.91,108.74,0.4165,14.17,0.5144,CRITICAL,4.25,10
2026-09-26 15:22:42,M1,Cutting,1494.71,109.3,0.4183,14.17,0.485,CRITICAL,4.33,10
2026-09-26 15:27:42,M1,Cutting,1493.83,110.0,0.4255,14.33,0.4549,CRITICAL,4.42,10
2026-09-26 15:32:42,M1,Cutting,1514.12,110.0,0.4546,14.08,0.4248,CRITICAL,4.5,10
2026-09-26 15:37:42,M1,Cutting,753.02,108.98,0.2915,6.57,0.3957,CRITICAL,4.58,5
2026-09-26 15:42:42,M1,Cutting,1510.14,109.91,0.4731,13.86,0.3657,CRITICAL,4.67,10
2026-09-26 15:47:42,M1,Cutting,1499.84,110.0,0.4704,13.81,0.3356,CRITICAL,4.75,10
2026-09-26 15:52:42,M1,Cutting,1513.06,110.0,0.4845,13.71,0.3055,CRITICAL,4.83,10
2026-09-26 15:57:42,M1,Cutting,1500.47,110.0,0.5067,14.47,0.2754,CRITICAL,4.92,10
2026-09-26 16:02:42,M1,Cutting,1501.59,110.0,0.4978,13.88,0.2453,CRITICAL,5.0,10
2026-09-26 16:07:42,M1,Cutting,734.82,109.19,0.3583,6.5,0.216,CRITICAL,5.08,5
2026-09-26 16:12:42,M1,Cutting,1498.79,110.0,0.5151,14.12,0.1858,CRITICAL,5.17,10
2026-09-26 16:17:42,M1,Cutting,1507.08,110.0,0.5296,13.91,0.1557,CRITICAL,5.25,10
2026-09-26 16:22:42,M1,Cutting,1807.2,110.0,0.665,17.84,0.1253,CRITICAL,5.33,12
2026-09-26 16:27:42,M1,Cutting,1504.41,110.0,0.5379,13.86,0.0951,CRITICAL,5.42,10
2026-09-26 16:32:42,M1,Cutting,1204.38,110.0,0.4932,10.55,0.065,CRITICAL,5.5,8
2026-09-26 16:37:42,M1,Cutting,1196.74,110.0,0.5012,10.64,0.05,CRITICAL,5.58,8
2026-09-26 16:42:42,M1,Cutting,1205.46,110.0,0.4905,10.52,0.05,CRITICAL,5.67,8
2026-09-26 16:47:42,M1,Cutting,765.3,108.84,0.3883,6.46,0.05,CRITICAL,5.75,5
2026-09-26 16:52:42,M1,Cutting,1509.26,109.82,0.5919,14.16,0.05,CRITICAL,5.83,10
2026-09-26 16:57:42,M1,Cutting,1494.41,110.0,0.6091,14.0,0.05,CRITICAL,5.92,10
2026-09-26 17:02:42,M1,Cutting,1193.4,110.0,0.484,10.52,0.05,CRITICAL,6.0,8
2026-09-26 17:07:42,M1,Cutting,1796.53,110.0,0.7056,17.82,0.05,CRITICAL,6.08,12
2026-09-26 17:12:42,M1,Cutting,1488.42,110.0,0.5793,13.72,0.05,CRITICAL,6.17,10
2026-09-26 17:17:42,M1,Cutting,1183.7,110.0,0.4924,10.9,0.05,CRITICAL,6.25,8
2026-09-26 17:22:42,M1,Cutting,1502.58,110.0,0.6055,13.83,0.05,CRITICAL,6.33,10
2026-09-26 17:27:42,M1,Cutting,738.44,109.27,0.4019,6.07,0.05,CRITICAL,6.42,5
2026-09-26 17:32:42,M1,Cutting,751.79,108.68,0.3834,6.25,0.05,CRITICAL,6.5,5
2026-09-26 17:37:42,M1,Cutting,768.21,107.92,0.4229,6.32,0.05,CRITICAL,6.58,5
2026-09-26 17:42:42,M1,Cutting,1806.98,110.0,0.6804,17.81,0.05,CRITICAL,6.67,12
2026-09-26 17:47:42,M1,Cutting,1498.74,110.0,0.5553,13.73,0.05,CRITICAL,6.75,10
2026-09-26 17:52:42,M1,Cutting,1502.73,110.0,0.5738,14.38,0.05,CRITICAL,6.83,10
2026-09-26 17:57:42,M1,Cutting,1805.94,110.0,0.6905,18.07,0.05,CRITICAL,6.92,12
2026-09-26 18:02:42,M1,Cutting,1209.44,109.62,0.5128,10.49,0.05,CRITICAL,7.0,8
2026-09-26 18:07:42,M1,Cutting,752.21,108.26,0.3815,6.3,0.05,CRITICAL,7.08,5
2026-09-26 18:12:42,M1,Cutting,1500.04,108.93,0.5918,14.01,0.05,CRITICAL,7.17,10
2026-09-26 18:17:42,M1,Cutting,1489.05,110.0,0.6056,14.11,0.05,CRITICAL,7.25,10
2026-09-26 18:22:42,M1,Cutting,1502.66,110.0,0.5842,13.85,0.05,CRITICAL,7.33,10
2026-09-26 18:27:42,M1,Cutting,1501.36,110.0,0.585,14.23,0.05,CRITICAL,7.42,10
2026-09-26 18:32:42,M1,Cutting,1505.16,110.0,0.5928,14.27,0.05,CRITICAL,7.5,10
2026-09-26 18:37:42,M1,Cutting,1486.15,110.0,0.5804,14.29,0.05,CRITICAL,7.58,10
2026-09-26 18:42:42,M1,Cutting,1512.02,110.0,0.5618,14.01,0.05,CRITICAL,7.67,10
2026-09-26 18:47:42,M1,Cutting,1199.88,110.0,0.4675,10.75,0.05,CRITICAL,7.75,8
2026-09-26 18:52:42,M1,Cutting,0.0,108.8,0.05,0.5,0.05,STOPPED,7.83,0
2026-09-26 18:57:42,M1,Cutting,1508.98,109.56,0.5814,13.71,0.05,CRITICAL,7.92,10
2026-09-26 19:02:42,M1,Cutting,1502.93,110.0,0.5666,13.81,0.05,CRITICAL,8.0,10
2026-09-26 19:07:42,M1,Cutting,1216.44,110.0,0.4854,10.52,0.05,CRITICAL,8.08,8
2026-09-26 19:12:42,M1,Cutting,1495.76,110.0,0.567,13.84,0.05,CRITICAL,8.17,10
2026-09-26 19:17:42,M1,Cutting,1500.46,110.0,0.5831,13.54,0.05,CRITICAL,8.25,10
2026-09-26 19:22:42,M1,Cutting,1194.4,110.0,0.4892,10.63,0.05,CRITICAL,8.33,8
2026-09-26 19:27:42,M1,Cutting,1194.11,109.97,0.4741,10.7,0.05,CRITICAL,8.42,8
2026-09-26 19:32:42,M1,Cutting,1487.88,110.0,0.5788,14.27,0.05,CRITICAL,8.5,10
2026-09-26 19:37:42,M1,Cutting,1506.81,110.0,0.597,13.8,0.05,CRITICAL,8.58,10
2026-09-26 19:42:42,M1,Cutting,1498.98,110.0,0.5856,13.81,0.05,CRITICAL,8.67,10
2026-09-26 19:47:42,M1,Cutting,1498.5,110.0,0.5727,13.99,0.05,CRITICAL,8.75,10
2026-09-26 19:52:42,M1,Cutting,1513.5,110.0,0.6047,14.18,0.05,CRITICAL,8.83,10
2026-09-26 19:57:42,M1,Cutting,1518.99,110.0,0.6062,14.2,0.05,CRITICAL,8.92,10
2026-09-26 20:02:42,M1,Cutting,1493.0,110.0,0.6111,13.72,0.05,CRITICAL,9.0,10
2026-09-26 20:07:42,M1,Cutting,1500.22,110.0,0.5789,14.03,0.05,CRITICAL,9.08,10
2026-09-26 20:12:42,M1,Cutting,1494.79,110.0,0.5695,13.9,0.05,CRITICAL,9.17,10
2026-09-26 20:17:42,M1,Cutting,1479.98,110.0,0.5812,14.14,0.05,CRITICAL,9.25,10
2026-09-26 20:22:42,M1,Cutting,1195.39,110.0,0.4778,10.74,0.05,CRITICAL,9.33,8
2026-09-26 20:27:42,M1,Cutting,766.35,109.65,0.3836,6.57,0.05,CRITICAL,9.42,5
2026-09-26 20:32:42,M1,Cutting,1493.89,109.97,0.5832,13.64,0.05,CRITICAL,9.5,10
2026-09-26 20:37:42,M1,Cutting,1487.81,110.0,0.5865,14.16,0.05,CRITICAL,9.58,10
2026-09-26 20:42:42,M1,Cutting,1494.79,110.0,0.5767,14.01,0.05,CRITICAL,9.67,10
2026-09-26 20:47:42,M1,Cutting,1495.18,110.0,0.5941,14.15,0.05,CRITICAL,9.75,10
2026-09-26 20:52:42,M1,Cutting,1480.23,110.0,0.5795,13.84,0.05,CRITICAL,9.83,10
2026-09-26 20:57:42,M1,Cutting,1201.36,110.0,0.5162,10.6,0.05,CRITICAL,9.92,8
2026-09-26 21:02:42,M1,Cutting,1202.7,109.99,0.486,10.5,0.05,CRITICAL,10.0,8
2026-09-26 21:07:42,M1,Cutting,1504.35,110.0,0.5879,14.21,0.05,CRITICAL,10.08,10
2026-09-26 21:12:42,M1,Cutting,1209.61,109.53,0.4774,10.5,0.05,CRITICAL,10.17,8
2026-09-26 21:17:42,M1,Cutting,1508.41,109.85,0.5827,13.83,0.05,CRITICAL,10.25,10
2026-09-26 21:22:42,M1,Cutting,1206.64,110.0,0.5041,10.14,0.05,CRITICAL,10.33,8
2026-09-26 21:27:42,M1,Cutting,1501.32,110.0,0.5765,14.11,0.05,CRITICAL,10.42,10
2026-09-26 21:32:42,M1,Cutting,1205.06,110.0,0.4962,11.04,0.05,CRITICAL,10.5,8
2026-09-26 21:37:42,M1,Cutting,1491.27,110.0,0.5885,13.84,0.05,CRITICAL,10.58,10
2026-09-26 21:42:42,M1,Cutting,1208.3,110.0,0.4778,10.48,0.05,CRITICAL,10.67,8
2026-09-26 21:47:42,M1,Cutting,1196.58,110.0,0.5071,10.48,0.05,CRITICAL,10.75,8
2026-09-26 21:52:42,M1,Cutting,1803.31,110.0,0.6738,18.15,0.05,CRITICAL,10.83,12
2026-09-26 21:57:42,M1,Cutting,1501.36,110.0,0.5476,14.17,0.05,CRITICAL,10.92,10
2026-09-26 22:02:42,M1,Cutting,752.24,110.0,0.3969,6.02,0.05,CRITICAL,11.0,5
2026-09-26 22:07:42,M1,Cutting,1514.26,110.0,0.5891,14.12,0.05,CRITICAL,11.08,10
2026-09-26 22:12:42,M1,Cutting,1515.06,110.0,0.5748,14.27,0.05,CRITICAL,11.17,10
2026-09-26 22:17:42,M1,Cutting,749.28,110.0,0.4029,6.4,0.05,CRITICAL,11.25,5
2026-09-26 22:22:42,M1,Cutting,1498.74,110.0,0.5577,13.91,0.05,CRITICAL,11.33,10
2026-09-26 22:27:42,M1,Cutting,1498.16,110.0,0.5702,14.13,0.05,CRITICAL,11.42,10
2026-09-26 22:32:42,M1,Cutting,1497.92,110.0,0.5784,13.7,0.05,CRITICAL,11.5,10
2026-09-26 22:37:42,M1,Cutting,1506.44,110.0,0.5548,13.97,0.05,CRITICAL,11.58,10
2026-09-26 22:42:42,M1,Cutting,1797.85,110.0,0.6934,17.55,0.05,CRITICAL,11.67,12
2026-09-26 22:47:42,M1,Cutting,1493.74,110.0,0.5848,14.13,0.05,CRITICAL,11.75,10
2026-09-26 22:52:42,M1,Cutting,1499.74,110.0,0.5841,13.89,0.05,CRITICAL,11.83,10
2026-09-26 22:57:42,M1,Cutting,1211.11,109.51,0.4739,10.05,0.05,CRITICAL,11.92,8
2026-09-26 23:02:42,M1,Cutting,1497.26,109.89,0.5708,13.93,0.05,CRITICAL,12.0,10
2026-09-26 23:07:42,M1,Cutting,1797.1,110.0,0.6809,17.76,0.05,CRITICAL,12.08,12
2026-09-26 23:12:42,M1,Cutting,1805.77,110.0,0.6998,17.55,0.05,CRITICAL,12.17,12
2026-09-26 23:17:42,M1,Cutting,1797.19,110.0,0.6784,17.73,0.05,CRITICAL,12.25,12
2026-09-26 23:22:42,M1,Cutting,1197.11,109.81,0.5017,10.82,0.05,CRITICAL,12.33,8
2026-09-26 23:27:42,M1,Cutting,1486.64,110.0,0.5703,14.35,0.05,CRITICAL,12.42,10
2026-09-26 23:32:42,M1,Cutting,1487.55,110.0,0.6088,14.12,0.05,CRITICAL,12.5,10
2026-09-26 23:37:42,M1,Cutting,1485.97,110.0,0.582,13.89,0.05,CRITICAL,12.58,10
2026-09-26 23:42:42,M1,Cutting,1197.09,110.0,0.4668,10.58,0.05,CRITICAL,12.67,8
2026-09-26 23:47:42,M1,Cutting,1795.02,110.0,0.694,17.69,0.05,CRITICAL,12.75,12
2026-09-26 23:52:42,M1,Cutting,1501.57,110.0,0.557,13.8,0.05,CRITICAL,12.83,10
2026-09-26 23:57:42,M1,Cutting,1796.25,110.0,0.7161,17.88,0.05,CRITICAL,12.92,12
2026-09-27 00:02:42,M1,Cutting,1785.27,110.0,0.6929,17.52,0.05,CRITICAL,13.0,12
2026-09-27 00:07:42,M1,Cutting,1497.22,110.0,0.5912,14.04,0.05,CRITICAL,13.08,10
2026-09-27 00:12:42,M1,Cutting,1492.61,110.0,0.5983,13.73,0.05,CRITICAL,13.17,10
2026-09-27 00:17:42,M1,Cutting,1516.65,110.0,0.5852,13.94,0.05,CRITICAL,13.25,10
2026-09-27 00:22:42,M1,Cutting,1495.39,110.0,0.5811,14.02,0.05,CRITICAL,13.33,10
2026-09-27 00:27:42,M1,Cutting,1497.18,110.0,0.5775,14.05,0.05,CRITICAL,13.42,10
2026-09-27 00:32:42,M1,Cutting,1494.98,110.0,0.5741,14.36,0.05,CRITICAL,13.5,10
2026-09-27 00:37:42,M1,Cutting,1191.3,109.61,0.5097,10.77,0.05,CRITICAL,13.58,8
2026-09-27 00:42:42,M1,Cutting,1499.4,110.0,0.5625,14.12,0.05,CRITICAL,13.67,10
2026-09-27 00:47:42,M1,Cutting,1206.53,110.0,0.5084,10.71,0.05,CRITICAL,13.75,8
2026-09-27 00:52:42,M1,Cutting,1199.44,110.0,0.4956,10.25,0.05,CRITICAL,13.83,8
2026-09-27 00:57:42,M1,Cutting,1506.55,110.0,0.5793,14.03,0.05,CRITICAL,13.92,10
2026-09-27 01:02:42,M1,Cutting,0.0,108.8,0.05,0.5,0.05,STOPPED,14.0,0
2026-09-27 01:07:42,M1,Cutting,759.03,108.03,0.4083,6.23,0.05,CRITICAL,14.08,5
2026-09-27 01:12:42,M1,Cutting,1200.77,108.04,0.4879,10.49,0.05,CRITICAL,14.17,8
2026-09-27 01:17:42,M1,Cutting,1491.66,108.76,0.5845,14.26,0.05,CRITICAL,14.25,10
2026-09-27 01:22:42,M1,Cutting,1511.58,109.87,0.5602,14.04,0.05,CRITICAL,14.33,10
2026-09-27 01:27:42,M1,Cutting,1189.2,110.0,0.4932,10.7,0.05,CRITICAL,14.42,8
2026-09-27 01:32:42,M1,Cutting,1195.86,110.0,0.4871,10.87,0.05,CRITICAL,14.5,8
2026-09-27 01:37:42,M1,Cutting,1186.55,109.88,0.5044,10.23,0.05,CRITICAL,14.58,8
2026-09-27 01:42:42,M1,Cutting,1489.24,110.0,0.571,13.82,0.05,CRITICAL,14.67,10
2026-09-27 01:47:42,M1,Cutting,1484.53,110.0,0.5927,13.76,0.05,CRITICAL,14.75,10
2026-09-27 01:52:42,M1,Cutting,757.87,109.36,0.4051,6.2,0.05,CRITICAL,14.83,5
2026-09-27 01:57:42,M1,Cutting,1809.34,110.0,0.6936,18.1,0.05,CRITICAL,14.92,12
2026-09-27 02:02:42,M1,Cutting,1495.01,110.0,0.6003,13.89,0.05,CRITICAL,15.0,10
2026-09-27 02:07:42,M1,Cutting,1497.01,110.0,0.5982,13.77,0.05,CRITICAL,15.08,10
2026-09-27 02:12:42,M1,Cutting,1495.58,110.0,0.5598,14.13,0.05,CRITICAL,15.17,10
2026-09-27 02:17:42,M1,Cutting,1493.28,110.0,0.5913,14.03,0.05,CRITICAL,15.25,10
2026-09-27 02:22:42,M1,Cutting,1502.29,110.0,0.6127,14.07,0.05,CRITICAL,15.33,10
2026-09-27 02:27:42,M1,Cutting,1486.01,110.0,0.5682,13.75,0.05,CRITICAL,15.42,10
2026-09-27 02:32:42,M1,Cutting,1495.86,110.0,0.6003,14.04,0.05,CRITICAL,15.5,10
2026-09-27 02:37:42,M1,Cutting,1509.65,110.0,0.5655,14.07,0.05,CRITICAL,15.58,10
2026-09-27 02:42:42,M1,Cutting,1504.67,110.0,0.5991,13.93,0.05,CRITICAL,15.67,10
2026-09-27 02:47:42,M1,Cutting,1203.24,110.0,0.5054,10.73,0.05,CRITICAL,15.75,8
2026-09-27 02:52:42,M1,Cutting,1811.06,110.0,0.6947,17.9,0.05,CRITICAL,15.83,12
2026-09-27 02:57:42,M1,Cutting,1494.48,110.0,0.5885,14.1,0.05,CRITICAL,15.92,10
2026-09-27 03:02:42,M1,Cutting,1501.53,110.0,0.5937,14.01,0.05,CRITICAL,16.0,10
2026-09-27 03:07:42,M1,Cutting,1811.96,110.0,0.6865,17.82,0.05,CRITICAL,16.08,12
2026-09-27 03:12:42,M1,Cutting,1499.24,110.0,0.5853,14.06,0.05,CRITICAL,16.17,10
2026-09-27 03:17:42,M1,Cutting,1501.4,110.0,0.5764,14.08,0.05,CRITICAL,16.25,10
2026-09-27 03:22:42,M1,Cutting,1801.06,110.0,0.6697,17.63,0.05,CRITICAL,16.33,12
2026-09-27 03:27:42,M1,Cutting,1502.94,110.0,0.552,13.89,0.05,CRITICAL,16.42,10
2026-09-27 03:32:42,M1,Cutting,1195.56,109.7,0.4595,10.96,0.05,CRITICAL,16.5,8
2026-09-27 03:37:42,M1,Cutting,1505.19,110.0,0.6022,14.2,0.05,CRITICAL,16.58,10
2026-09-27 03:42:42,M1,Cutting,1505.2,110.0,0.5664,13.98,0.05,CRITICAL,16.67,10
2026-09-27 03:47:42,M1,Cutting,1507.18,110.0,0.5725,13.96,0.05,CRITICAL,16.75,10
2026-09-27 03:52:42,M1,Cutting,1489.99,110.0,0.5993,14.29,0.05,CRITICAL,16.83,10
2026-09-27 03:57:42,M1,Cutting,752.16,109.59,0.4058,6.2,0.05,CRITICAL,16.92,5
2026-09-27 04:02:42,M1,Cutting,1205.14,109.78,0.5031,10.85,0.05,CRITICAL,17.0,8
2026-09-27 04:07:42,M1,Cutting,1191.75,110.0,0.4811,10.58,0.05,CRITICAL,17.08,8
2026-09-27 04:12:42,M1,Cutting,1499.68,110.0,0.5723,13.71,0.05,CRITICAL,17.17,10
2026-09-27 04:17:42,M1,Cutting,1494.92,110.0,0.5821,14.2,0.05,CRITICAL,17.25,10
2026-09-27 04:22:42,M1,Cutting,1496.38,110.0,0.5939,13.52,0.05,CRITICAL,17.33,10
2026-09-27 04:27:42,M1,Cutting,1802.98,110.0,0.6839,17.87,0.05,CRITICAL,17.42,12
2026-09-27 04:32:42,M1,Cutting,1499.97,110.0,0.5957,13.77,0.05,CRITICAL,17.5,10
2026-09-27 04:37:42,M1,Cutting,1492.99,110.0,0.5812,14.01,0.05,CRITICAL,17.58,10
2026-09-27 04:42:42,M1,Cutting,1491.99,110.0,0.5921,13.94,0.05,CRITICAL,17.67,10
2026-09-27 04:47:42,M1,Cutting,1196.05,110.0,0.4805,10.5,0.05,CRITICAL,17.75,8
2026-09-27 04:52:42,M1,Cutting,1800.48,110.0,0.6984,17.65,0.05,CRITICAL,17.83,12
2026-09-27 04:57:42,M1,Cutting,1795.36,110.0,0.7068,17.99,0.05,CRITICAL,17.92,12
2026-09-27 05:02:42,M1,Cutting,1216.6,110.0,0.4955,10.45,0.05,CRITICAL,18.0,8
2026-09-27 05:07:42,M1,Cutting,1491.75,110.0,0.5994,13.89,0.05,CRITICAL,18.08,10
2026-09-27 05:12:42,M1,Cutting,1513.82,110.0,0.5843,14.09,0.05,CRITICAL,18.17,10
2026-09-27 05:17:42,M1,Cutting,1495.98,110.0,0.5808,14.04,0.05,CRITICAL,18.25,10
2026-09-27 05:22:42,M1,Cutting,1796.13,110.0,0.6705,18.09,0.05,CRITICAL,18.33,12
2026-09-27 05:27:42,M1,Cutting,0.0,108.8,0.05,0.5,0.05,STOPPED,18.42,0
2026-09-27 05:32:42,M1,Cutting,1501.8,110.0,0.5756,14.21,0.05,CRITICAL,18.5,10
2026-09-27 05:37:42,M1,Cutting,1486.94,110.0,0.5852,13.89,0.05,CRITICAL,18.58,10
2026-09-27 05:42:42,M1,Cutting,1511.81,110.0,0.5884,14.28,0.05,CRITICAL,18.67,10
2026-09-27 05:47:42,M1,Cutting,1802.59,110.0,0.6917,17.72,0.05,CRITICAL,18.75,12
2026-09-27 05:52:42,M1,Cutting,1206.17,110.0,0.4664,10.02,0.05,CRITICAL,18.83,8
2026-09-27 05:57:42,M1,Cutting,1502.99,110.0,0.5638,13.98,0.05,CRITICAL,18.92,10
2026-09-27 06:02:42,M1,Cutting,1496.26,110.0,0.5897,14.07,0.05,CRITICAL,19.0,10
2026-09-27 06:07:42,M1,Cutting,1483.24,110.0,0.601,14.05,0.05,CRITICAL,19.08,10
2026-09-27 06:12:42,M1,Cutting,1512.01,110.0,0.5773,14.17,0.05,CRITICAL,19.17,10
2026-09-27 06:17:42,M1,Cutting,1506.78,110.0,0.5812,14.24,0.05,CRITICAL,19.25,10
2026-09-27 06:22:42,M1,Cutting,1208.24,110.0,0.4896,10.63,0.05,CRITICAL,19.33,8
2026-09-27 06:27:42,M1,Cutting,1500.39,110.0,0.567,13.86,0.05,CRITICAL,19.42,10
2026-09-27 06:32:42,M1,Cutting,750.63,109.65,0.4002,5.84,0.05,CRITICAL,19.5,5
2026-09-27 06:37:42,M1,Cutting,1483.19,110.0,0.5886,14.59,0.05,CRITICAL,19.58,10
2026-09-27 06:42:42,M1,Cutting,1508.87,110.0,0.5667,13.79,0.05,CRITICAL,19.67,10
2026-09-27 06:47:42,M1,Cutting,752.21,109.7,0.3925,6.11,0.05,CRITICAL,19.75,5
2026-09-27 06:52:42,M1,Cutting,1506.96,110.0,0.588,14.1,0.05,CRITICAL,19.83,10
2026-09-27 06:57:42,M1,Cutting,1507.7,110.0,0.5835,14.06,0.05,CRITICAL,19.92,10
2026-09-27 07:02:42,M1,Cutting,758.84,109.57,0.3779,6.48,0.05,CRITICAL,20.0,5
2026-09-27 07:07:42,M1,Cutting,1493.83,110.0,0.5787,14.06,0.05,CRITICAL,20.08,10
2026-09-27 07:12:42,M1,Cutting,1212.91,110.0,0.507,10.68,0.05,CRITICAL,20.17,8
2026-09-27 07:17:42,M1,Cutting,1508.38,110.0,0.592,14.11,0.05,CRITICAL,20.25,10
2026-09-27 07:22:42,M1,Cutting,1498.8,110.0,0.5827,14.03,0.05,CRITICAL,20.33,10
2026-09-27 07:27:42,M1,Cutting,1489.78,110.0,0.6058,13.67,0.05,CRITICAL,20.42,10
2026-09-27 07:32:42,M1,Cutting,1494.89,110.0,0.5976,13.74,0.05,CRITICAL,20.5,10
2026-09-27 07:37:42,M1,Cutting,1782.01,110.0,0.7094,17.64,0.05,CRITICAL,20.58,12
2026-09-27 07:42:42,M1,Cutting,1488.88,110.0,0.6191,13.67,0.05,CRITICAL,20.67,10
2026-09-27 07:47:42,M1,Cutting,1805.44,110.0,0.6984,17.89,0.05,CRITICAL,20.75,12
2026-09-27 07:52:42,M1,Cutting,743.97,108.87,0.3935,6.19,0.05,CRITICAL,20.83,5
2026-09-27 07:57:42,M1,Cutting,1507.77,109.09,0.5885,13.88,0.05,CRITICAL,20.92,10
2026-09-27 08:02:42,M1,Cutting,1792.08,110.0,0.6891,17.96,0.05,CRITICAL,21.0,12
2026-09-27 08:07:42,M1,Cutting,1492.25,110.0,0.5858,14.11,0.05,CRITICAL,21.08,10
2026-09-27 08:12:42,M1,Cutting,1487.26,110.0,0.5908,14.09,0.05,CRITICAL,21.17,10
2026-09-27 08:17:42,M1,Cutting,1195.37,110.0,0.4946,10.6,0.05,CRITICAL,21.25,8
2026-09-27 08:22:42,M1,Cutting,1800.39,110.0,0.6826,17.78,0.05,CRITICAL,21.33,12
2026-09-27 08:27:42,M1,Cutting,1809.2,110.0,0.7038,17.71,0.05,CRITICAL,21.42,12
2026-09-27 08:32:42,M1,Cutting,1494.25,110.0,0.6012,14.18,0.05,CRITICAL,21.5,10
2026-09-27 08:37:42,M1,Cutting,1801.92,110.0,0.6739,17.62,0.05,CRITICAL,21.58,12
2026-09-27 08:42:42,M1,Cutting,1505.07,110.0,0.5806,14.08,0.05,CRITICAL,21.67,10
2026-09-27 08:47:42,M1,Cutting,1509.8,110.0,0.5865,14.32,0.05,CRITICAL,21.75,10
2026-09-27 08:52:42,M1,Cutting,1499.29,110.0,0.6071,14.52,0.05,CRITICAL,21.83,10
2026-09-27 08:57:42,M1,Cutting,1507.81,110.0,0.5745,14.22,0.05,CRITICAL,21.92,10
2026-09-27 09:02:42,M1,Cutting,1496.97,110.0,0.5673,13.96,0.05,CRITICAL,22.0,10
2026-09-27 09:07:42,M1,Cutting,1495.31,110.0,0.583,13.96,0.05,CRITICAL,22.08,10
2026-09-27 09:12:42,M1,Cutting,1201.87,110.0,0.505,10.28,0.05,CRITICAL,22.17,8
2026-09-27 09:17:42,M1,Cutting,1490.62,110.0,0.6117,13.75,0.05,CRITICAL,22.25,10
2026-09-27 09:22:42,M1,Cutting,1794.36,110.0,0.6936,17.76,0.05,CRITICAL,22.33,12
2026-09-27 09:27:42,M1,Cutting,1492.07,110.0,0.5837,14.13,0.05,CRITICAL,22.42,10
2026-09-27 09:32:42,M1,Cutting,1494.12,110.0,0.5916,14.25,0.05,CRITICAL,22.5,10
2026-09-27 09:37:42,M1,Cutting,745.73,109.4,0.4067,5.96,0.05,CRITICAL,22.58,5
2026-09-27 09:42:42,M1,Cutting,1218.55,109.59,0.4879,10.67,0.05,CRITICAL,22.67,8
2026-09-27 09:47:42,M1,Cutting,1504.03,110.0,0.5692,14.12,0.05,CRITICAL,22.75,10
2026-09-27 09:52:42,M1,Cutting,1485.31,110.0,0.5502,14.1,0.05,CRITICAL,22.83,10
2026-09-27 09:57:42,M1,Cutting,1806.69,110.0,0.6925,17.78,0.05,CRITICAL,22.92,12
2026-09-27 10:02:42,M1,Cutting,1200.65,110.0,0.4881,10.57,0.05,CRITICAL,23.0,8
2026-09-27 10:07:42,M1,Cutting,1204.55,109.99,0.489,10.71,0.05,CRITICAL,23.08,8
2026-09-27 10:12:42,M1,Cutting,1504.29,110.0,0.5824,13.82,0.05,CRITICAL,23.17,10
2026-09-27 10:17:42,M1,Cutting,1798.2,110.0,0.688,17.81,0.05,CRITICAL,23.25,12
2026-09-27 10:22:42,M1,Cutting,1200.08,109.82,0.4879,10.32,0.05,CRITICAL,23.33,8
2026-09-27 10:27:42,M1,Cutting,1504.06,110.0,0.5728,14.01,0.05,CRITICAL,23.42,10
2026-09-27 10:32:42,M1,Cutting,1492.49,110.0,0.5915,13.97,0.05,CRITICAL,23.5,10
2026-09-27 10:37:42,M1,Cutting,1792.27,110.0,0.6916,17.86,0.05,CRITICAL,23.58,12
2026-09-27 10:42:42,M1,Cutting,0.0,108.8,0.05,0.5,0.05,STOPPED,23.67,0
2026-09-27 10:47:42,M1,Cutting,1495.49,109.49,0.5719,13.92,0.05,CRITICAL,23.75,10
2026-09-27 10:52:42,M1,Cutting,1496.89,110.0,0.5825,14.03,0.05,CRITICAL,23.83,10
2026-09-27 10:57:42,M1,Cutting,1187.73,110.0,0.5268,10.77,0.05,CRITICAL,23.92,8
2026-09-27 11:02:42,M1,Cutting,1489.06,110.0,0.5555,13.96,0.05,CRITICAL,24.0,10
2026-09-27 11:07:42,M1,Cutting,1207.03,110.0,0.4899,10.74,0.05,CRITICAL,24.08,8
2026-09-27 11:12:42,M1,Cutting,1495.63,110.0,0.5853,14.08,0.05,CRITICAL,24.17,10
2026-09-27 11:17:42,M1,Cutting,1492.05,110.0,0.6134,13.99,0.05,CRITICAL,24.25,10
2026-09-27 11:22:42,M1,Cutting,1199.78,110.0,0.4792,10.4,0.05,CRITICAL,24.33,8
2026-09-27 11:27:42,M1,Cutting,1781.58,110.0,0.6584,17.69,0.05,CRITICAL,24.42,12
2026-09-27 11:32:42,M1,Cutting,1194.65,109.96,0.5199,10.79,0.05,CRITICAL,24.5,8
2026-09-27 11:37:42,M1,Cutting,1499.29,110.0,0.6007,14.18,0.05,CRITICAL,24.58,10
2026-09-27 11:42:42,M1,Cutting,1210.41,110.0,0.4812,10.9,0.05,CRITICAL,24.67,8
2026-09-27 11:47:42,M1,Cutting,1500.71,110.0,0.5839,14.34,0.05,CRITICAL,24.75,10
2026-09-27 11:52:42,M1,Cutting,1497.08,110.0,0.5679,14.04,0.05,CRITICAL,24.83,10
2026-09-27 11:57:42,M1,Cutting,1505.44,110.0,0.576,14.23,0.05,CRITICAL,24.92,10
2026-09-27 12:02:42,M1,Cutting,1509.49,110.0,0.5711,14.14,0.05,CRITICAL,25.0,10
2026-09-27 12:07:42,M1,Cutting,1789.98,110.0,0.6786,17.67,0.05,CRITICAL,25.08,12
2026-09-27 12:12:42,M1,Cutting,1203.65,109.95,0.5064,11.02,0.05,CRITICAL,25.17,8
2026-09-27 12:17:42,M1,Cutting,0.0,108.75,0.05,0.5,0.05,STOPPED,25.25,0
2026-09-27 12:22:42,M1,Cutting,1812.23,110.0,0.7086,17.88,0.05,CRITICAL,25.33,12
2026-09-27 12:27:42,M1,Cutting,1504.45,110.0,0.5633,13.96,0.05,CRITICAL,25.42,10
2026-09-27 12:32:42,M1,Cutting,1516.45,110.0,0.5783,13.78,0.05,CRITICAL,25.5,10
2026-09-27 12:37:42,M1,Cutting,1189.28,110.0,0.4965,10.77,0.05,CRITICAL,25.58,8
2026-09-27 12:42:42,M1,Cutting,1198.66,110.0,0.5166,10.64,0.05,CRITICAL,25.67,8
2026-09-27 12:47:42,M1,Cutting,1207.11,109.83,0.5,10.73,0.05,CRITICAL,25.75,8
2026-09-27 12:52:42,M1,Cutting,1503.2,110.0,0.5913,13.87,0.05,CRITICAL,25.83,10
2026-09-27 12:57:42,M1,Cutting,1503.96,110.0,0.5986,14.14,0.05,CRITICAL,25.92,10
2026-09-27 13:02:42,M1,Cutting,1504.52,110.0,0.5882,13.65,0.05,CRITICAL,26.0,10
2026-09-27 13:07:42,M1,Cutting,1795.02,110.0,0.6922,17.87,0.05,CRITICAL,26.08,12
2026-09-27 13:12:42,M1,Cutting,1498.33,110.0,0.5913,13.83,0.05,CRITICAL,26.17,10
2026-09-27 13:17:42,M1,Cutting,1505.76,110.0,0.5658,14.29,0.05,CRITICAL,26.25,10
2026-09-27 13:22:42,M1,Cutting,1198.93,109.9,0.5022,10.59,0.05,CRITICAL,26.33,8
2026-09-27 13:27:42,M1,Cutting,738.4,109.14,0.3827,6.02,0.05,CRITICAL,26.42,5
2026-09-27 13:32:42,M1,Cutting,1213.82,109.35,0.5065,10.51,0.05,CRITICAL,26.5,8
2026-09-27 13:37:42,M1,Cutting,1513.45,110.0,0.5739,13.85,0.05,CRITICAL,26.58,10
2026-09-27 13:42:42,M1,Cutting,1495.59,110.0,0.5853,14.51,0.05,CRITICAL,26.67,10
2026-09-27 13:47:42,M1,Cutting,1514.89,110.0,0.5968,14.38,0.05,CRITICAL,26.75,10
2026-09-27 13:52:42,M1,Cutting,1206.23,109.89,0.4924,10.48,0.05,CRITICAL,26.83,8
2026-09-27 13:57:42,M1,Cutting,1508.93,110.0,0.5927,13.87,0.05,CRITICAL,26.92,10
2026-09-27 14:02:42,M1,Cutting,1490.87,110.0,0.5545,13.96,0.05,CRITICAL,27.0,10
2026-09-27 14:07:42,M1,Cutting,1503.84,110.0,0.5912,13.73,0.05,CRITICAL,27.08,10
2026-09-27 14:12:42,M1,Cutting,1509.77,110.0,0.5681,14.12,0.05,CRITICAL,27.17,10
2026-09-27 14:17:42,M1,Cutting,1209.59,109.76,0.4977,10.2,0.05,CRITICAL,27.25,8
2026-09-27 14:22:42,M1,Cutting,1501.13,110.0,0.5803,13.65,0.05,CRITICAL,27.33,10
2026-09-27 14:27:42,M1,Cutting,1508.26,110.0,0.5885,13.96,0.05,CRITICAL,27.42,10
2026-09-27 14:32:42,M1,Cutting,1190.64,110.0,0.5191,10.01,0.05,CRITICAL,27.5,8
2026-09-27 14:37:42,M1,Cutting,1507.2,110.0,0.566,14.16,0.05,CRITICAL,27.58,10
2026-09-27 14:42:42,M1,Cutting,1506.13,110.0,0.5794,14.25,0.05,CRITICAL,27.67,10
2026-09-27 14:47:42,M1,Cutting,1502.84,110.0,0.5687,13.96,0.05,CRITICAL,27.75,10
2026-09-27 14:52:42,M1,Cutting,1211.94,110.0,0.4813,10.53,0.05,CRITICAL,27.83,8
2026-09-27 14:57:42,M1,Cutting,1500.81,110.0,0.5671,13.77,0.05,CRITICAL,27.92,10
2026-09-27 15:02:42,M1,Cutting,1200.54,109.67,0.4846,10.69,0.05,CRITICAL,28.0,8
2026-09-27 15:07:42,M1,Cutting,1791.12,110.0,0.7287,17.89,0.05,CRITICAL,28.08,12
2026-09-27 15:12:42,M1,Cutting,0.0,108.8,0.05,0.5,0.05,STOPPED,28.17,0
2026-09-27 15:17:42,M1,Cutting,1793.53,110.0,0.6844,17.71,0.05,CRITICAL,28.25,12
2026-09-27 15:22:42,M1,Cutting,1501.6,110.0,0.5834,14.23,0.05,CRITICAL,28.33,10
2026-09-27 15:27:42,M1,Cutting,1197.64,110.0,0.5197,10.62,0.05,CRITICAL,28.42,8
2026-09-27 15:32:42,M1,Cutting,1491.42,110.0,0.5961,13.42,0.05,CRITICAL,28.5,10
2026-09-27 15:37:42,M1,Cutting,1514.16,110.0,0.5836,13.79,0.05,CRITICAL,28.58,10
2026-09-27 15:42:42,M1,Cutting,1498.54,110.0,0.5705,14.27,0.05,CRITICAL,28.67,10
2026-09-27 15:47:42,M1,Cutting,1509.3,110.0,0.5839,13.85,0.05,CRITICAL,28.75,10
2026-09-27 15:52:42,M1,Cutting,1197.67,110.0,0.4913,10.27,0.05,CRITICAL,28.83,8
2026-09-27 15:57:42,M1,Cutting,1492.21,110.0,0.5901,14.0,0.05,CRITICAL,28.92,10
2026-09-27 16:02:42,M1,Cutting,1500.91,110.0,0.5725,13.71,0.05,CRITICAL,29.0,10
2026-09-27 16:07:42,M1,Cutting,1509.51,110.0,0.5796,14.11,0.05,CRITICAL,29.08,10
2026-09-27 16:12:42,M1,Cutting,1503.88,110.0,0.5979,13.83,0.05,CRITICAL,29.17,10
2026-09-27 16:17:42,M1,Cutting,1197.88,109.97,0.4848,10.68,0.05,CRITICAL,29.25,8
2026-09-27 16:22:42,M1,Cutting,1192.36,110.0,0.4765,10.67,0.05,CRITICAL,29.33,8
2026-09-27 16:27:42,M1,Cutting,1501.53,110.0,0.5826,14.05,0.05,CRITICAL,29.42,10
2026-09-27 16:32:42,M1,Cutting,1491.5,110.0,0.5973,14.09,0.05,CRITICAL,29.5,10
2026-09-27 16:37:42,M1,Cutting,1500.26,110.0,0.5859,13.95,0.05,CRITICAL,29.58,10
2026-09-27 16:42:42,M1,Cutting,1201.56,110.0,0.4881,10.52,0.05,CRITICAL,29.67,8
2026-09-27 16:47:42,M1,Cutting,1214.46,110.0,0.4632,10.66,0.05,CRITICAL,29.75,8
2026-09-27 16:52:42,M1,Cutting,1183.03,110.0,0.4922,10.46,0.05,CRITICAL,29.83,8
2026-09-27 16:57:42,M1,Cutting,1504.37,110.0,0.5763,13.83,0.05,CRITICAL,29.92,10
2026-09-27 17:02:42,M1,Cutting,1512.92,110.0,0.6053,13.94,0.05,CRITICAL,30.0,10
2026-09-27 17:07:42,M1,Cutting,1499.18,110.0,0.5845,14.25,0.05,CRITICAL,30.08,10
2026-09-27 17:12:42,M1,Cutting,1490.57,110.0,0.5855,14.24,0.05,CRITICAL,30.17,10
2026-09-27 17:17:42,M1,Cutting,1496.78,110.0,0.5942,14.1,0.05,CRITICAL,30.25,10
2026-09-27 17:22:42,M1,Cutting,1801.01,110.0,0.6823,18.16,0.05,CRITICAL,30.33,12
2026-09-27 17:27:42,M1,Cutting,1508.23,110.0,0.5925,13.74,0.05,CRITICAL,30.42,10
2026-09-27 17:32:42,M1,Cutting,1803.28,110.0,0.721,17.73,0.05,CRITICAL,30.5,12
2026-09-27 17:37:42,M1,Cutting,1486.36,110.0,0.599,13.54,0.05,CRITICAL,30.58,10
2026-09-27 17:42:42,M1,Cutting,1495.72,110.0,0.5854,13.98,0.05,CRITICAL,30.67,10
2026-09-27 17:47:42,M1,Cutting,1496.52,110.0,0.5873,14.15,0.05,CRITICAL,30.75,10
2026-09-27 17:52:42,M1,Cutting,1192.52,109.98,0.5046,10.8,0.05,CRITICAL,30.83,8
2026-09-27 17:57:42,M1,Cutting,1202.72,109.84,0.4939,10.46,0.05,CRITICAL,30.92,8
2026-09-27 18:02:42,M1,Cutting,1499.84,110.0,0.5583,13.94,0.05,CRITICAL,31.0,10
2026-09-27 18:07:42,M1,Cutting,1508.4,110.0,0.596,13.83,0.05,CRITICAL,31.08,10
2026-09-27 18:12:42,M1,Cutting,1499.16,110.0,0.5999,13.97,0.05,CRITICAL,31.17,10
2026-09-27 18:17:42,M1,Cutting,1502.78,110.0,0.5921,14.23,0.05,CRITICAL,31.25,10
2026-09-27 18:22:42,M1,Cutting,1201.52,109.33,0.5027,10.79,0.05,CRITICAL,31.33,8
2026-09-27 18:27:42,M1,Cutting,1511.79,110.0,0.586,13.93,0.05,CRITICAL,31.42,10
2026-09-27 18:32:42,M1,Cutting,1512.9,110.0,0.5936,14.26,0.05,CRITICAL,31.5,10
2026-09-27 18:37:42,M1,Cutting,1492.28,110.0,0.5465,14.01,0.05,CRITICAL,31.58,10
2026-09-27 18:42:42,M1,Cutting,1800.99,110.0,0.7179,17.88,0.05,CRITICAL,31.67,12
2026-09-27 18:47:42,M1,Cutting,1799.16,110.0,0.6594,17.74,0.05,CRITICAL,31.75,12
2026-09-27 18:52:42,M1,Cutting,1496.57,110.0,0.5813,13.86,0.05,CRITICAL,31.83,10
2026-09-27 18:57:42,M1,Cutting,1792.85,110.0,0.6926,17.64,0.05,CRITICAL,31.92,12
2026-09-27 19:02:42,M1,Cutting,1497.53,110.0,0.6026,13.85,0.05,CRITICAL,32.0,10
2026-09-27 19:07:42,M1,Cutting,1503.02,110.0,0.5796,13.96,0.05,CRITICAL,32.08,10
2026-09-27 19:12:42,M1,Cutting,1797.45,110.0,0.6928,17.62,0.05,CRITICAL,32.17,12
2026-09-27 19:17:42,M1,Cutting,1496.81,110.0,0.5546,13.87,0.05,CRITICAL,32.25,10
2026-09-27 19:22:42,M1,Cutting,1502.14,110.0,0.5959,14.1,0.05,CRITICAL,32.33,10
2026-09-27 19:27:42,M1,Cutting,1201.16,109.93,0.4976,10.46,0.05,CRITICAL,32.42,8
2026-09-27 19:32:42,M1,Cutting,1482.79,110.0,0.5677,13.86,0.05,CRITICAL,32.5,10
2026-09-27 19:37:42,M1,Cutting,1204.1,110.0,0.5099,10.55,0.05,CRITICAL,32.58,8
2026-09-27 19:42:42,M1,Cutting,1499.21,110.0,0.586,14.0,0.05,CRITICAL,32.67,10
2026-09-27 19:47:42,M1,Cutting,1803.05,110.0,0.6813,17.9,0.05,CRITICAL,32.75,12
2026-09-27 19:52:42,M1,Cutting,1499.73,110.0,0.5543,13.96,0.05,CRITICAL,32.83,10
2026-09-27 19:57:42,M1,Cutting,1484.32,110.0,0.6018,14.15,0.05,CRITICAL,32.92,10
2026-09-27 20:02:42,M1,Cutting,1194.83,109.78,0.5063,10.94,0.05,CRITICAL,33.0,8
2026-09-27 20:07:42,M1,Cutting,1497.87,110.0,0.5898,14.29,0.05,CRITICAL,33.08,10
2026-09-27 20:12:42,M1,Cutting,1198.93,110.0,0.4663,10.75,0.05,CRITICAL,33.17,8
2026-09-27 20:17:42,M1,Cutting,1512.69,110.0,0.6047,14.16,0.05,CRITICAL,33.25,10
2026-09-27 20:22:42,M1,Cutting,1491.15,110.0,0.5942,13.96,0.05,CRITICAL,33.33,10
2026-09-27 20:27:42,M1,Cutting,1500.4,110.0,0.6007,13.97,0.05,CRITICAL,33.42,10
2026-09-27 20:32:42,M1,Cutting,1486.53,110.0,0.6067,13.84,0.05,CRITICAL,33.5,10
2026-09-27 20:37:42,M1,Cutting,1515.13,110.0,0.5653,13.91,0.05,CRITICAL,33.58,10
2026-09-27 20:42:42,M1,Cutting,1504.37,110.0,0.5809,14.0,0.05,CRITICAL,33.67,10
2026-09-27 20:47:42,M1,Cutting,1491.21,110.0,0.5772,13.93,0.05,CRITICAL,33.75,10
2026-09-27 20:52:42,M1,Cutting,755.58,109.73,0.4005,6.18,0.05,CRITICAL,33.83,5
2026-09-27 20:57:42,M1,Cutting,0.0,108.53,0.05,0.5,0.05,STOPPED,33.92,0
2026-09-27 21:02:42,M1,Cutting,1499.14,108.86,0.5656,14.09,0.05,CRITICAL,34.0,10
2026-09-27 21:07:42,M1,Cutting,1501.47,110.0,0.5863,13.76,0.05,CRITICAL,34.08,10
2026-09-27 21:12:42,M1,Cutting,1185.59,109.9,0.4832,10.48,0.05,CRITICAL,34.17,8
2026-09-27 21:17:42,M1,Cutting,1489.91,110.0,0.5899,13.83,0.05,CRITICAL,34.25,10
2026-09-27 21:22:42,M1,Cutting,1491.42,110.0,0.5687,14.05,0.05,CRITICAL,34.33,10
2026-09-27 21:27:42,M1,Cutting,1502.33,110.0,0.5994,14.18,0.05,CRITICAL,34.42,10
2026-09-27 21:32:42,M1,Cutting,1496.28,110.0,0.56,13.98,0.05,CRITICAL,34.5,10
2026-09-27 21:37:42,M1,Cutting,1502.13,110.0,0.5867,14.35,0.05,CRITICAL,34.58,10
2026-09-27 21:42:42,M1,Cutting,1204.97,110.0,0.4921,10.51,0.05,CRITICAL,34.67,8
2026-09-27 21:47:42,M1,Cutting,1502.04,110.0,0.5699,14.21,0.05,CRITICAL,34.75,10
2026-09-27 21:52:42,M1,Cutting,1495.23,110.0,0.6296,14.27,0.05,CRITICAL,34.83,10
2026-09-27 21:57:42,M1,Cutting,1509.55,110.0,0.6049,13.93,0.05,CRITICAL,34.92,10
2026-09-27 22:02:42,M1,Cutting,748.42,109.32,0.412,6.21,0.05,CRITICAL,35.0,5
2026-09-27 22:07:42,M1,Cutting,1198.92,110.0,0.4954,10.79,0.05,CRITICAL,35.08,8
2026-09-27 22:12:42,M1,Cutting,749.85,109.71,0.4092,6.16,0.05,CRITICAL,35.17,5
2026-09-27 22:17:42,M1,Cutting,1796.72,110.0,0.6845,17.62,0.05,CRITICAL,35.25,12
2026-09-27 22:22:42,M1,Cutting,1507.63,110.0,0.5902,14.1,0.05,CRITICAL,35.33,10
2026-09-27 22:27:42,M1,Cutting,1803.37,110.0,0.7102,17.66,0.05,CRITICAL,35.42,12
2026-09-27 22:32:42,M1,Cutting,1202.81,110.0,0.4793,10.8,0.05,CRITICAL,35.5,8
2026-09-27 22:37:42,M1,Cutting,1486.88,110.0,0.5743,13.67,0.05,CRITICAL,35.58,10
2026-09-27 22:42:42,M1,Cutting,1484.85,110.0,0.5702,14.04,0.05,CRITICAL,35.67,10
2026-09-27 22:47:42,M1,Cutting,1198.57,110.0,0.4819,10.6,0.05,CRITICAL,35.75,8
2026-09-27 22:52:42,M1,Cutting,1493.85,110.0,0.5796,13.81,0.05,CRITICAL,35.83,10
2026-09-27 22:57:42,M1,Cutting,1487.67,110.0,0.5828,13.97,0.05,CRITICAL,35.92,10
2026-09-27 23:02:42,M1,Cutting,1810.89,110.0,0.6953,17.51,0.05,CRITICAL,36.0,12
2026-09-27 23:07:42,M1,Cutting,1494.81,110.0,0.5942,14.04,0.05,CRITICAL,36.08,10
2026-09-27 23:12:42,M1,Cutting,1803.81,110.0,0.7339,17.88,0.05,CRITICAL,36.17,12
2026-09-27 23:17:42,M1,Cutting,1494.09,110.0,0.5821,14.18,0.05,CRITICAL,36.25,10
2026-09-27 23:22:42,M1,Cutting,1495.81,110.0,0.5993,14.03,0.05,CRITICAL,36.33,10
2026-09-27 23:27:42,M1,Cutting,1494.99,110.0,0.567,14.0,0.05,CRITICAL,36.42,10
2026-09-27 23:32:42,M1,Cutting,1506.6,110.0,0.5779,13.83,0.05,CRITICAL,36.5,10
2026-09-27 23:37:42,M1,Cutting,1505.83,110.0,0.5725,13.9,0.05,CRITICAL,36.58,10
2026-09-27 23:42:42,M1,Cutting,1206.81,110.0,0.491,10.56,0.05,CRITICAL,36.67,8
2026-09-27 23:47:42,M1,Cutting,1499.48,110.0,0.5626,14.4,0.05,CRITICAL,36.75,10
2026-09-27 23:52:42,M1,Cutting,1807.72,110.0,0.6955,18.02,0.05,CRITICAL,36.83,12
2026-09-27 23:57:42,M1,Cutting,1501.63,110.0,0.5846,13.94,0.05,CRITICAL,36.92,10
2026-09-28 00:02:42,M1,Cutting,1500.0,110.0,0.5481,14.12,0.05,CRITICAL,37.0,10
2026-09-28 00:07:42,M1,Cutting,1488.76,110.0,0.5777,13.72,0.05,CRITICAL,37.08,10
2026-09-28 00:12:42,M1,Cutting,1204.98,110.0,0.4914,10.36,0.05,CRITICAL,37.17,8
2026-09-28 00:17:42,M1,Cutting,1507.77,110.0,0.5762,14.32,0.05,CRITICAL,37.25,10
2026-09-28 00:22:42,M1,Cutting,1793.04,110.0,0.7171,18.0,0.05,CRITICAL,37.33,12
2026-09-28 00:27:42,M1,Cutting,1801.54,110.0,0.6713,17.74,0.05,CRITICAL,37.42,12
2026-09-28 00:32:42,M1,Cutting,1500.33,110.0,0.5748,13.8,0.05,CRITICAL,37.5,10
2026-09-28 00:37:42,M1,Cutting,1487.8,110.0,0.5429,13.77,0.05,CRITICAL,37.58,10
2026-09-28 00:42:42,M1,Cutting,1519.3,110.0,0.5786,14.16,0.05,CRITICAL,37.67,10
2026-09-28 00:47:42,M1,Cutting,766.14,109.69,0.3841,6.29,0.05,CRITICAL,37.75,5
2026-09-28 00:52:42,M1,Cutting,1203.51,110.0,0.5014,10.59,0.05,CRITICAL,37.83,8
2026-09-28 00:57:42,M1,Cutting,1507.85,110.0,0.5863,13.85,0.05,CRITICAL,37.92,10
2026-09-28 01:02:42,M1,Cutting,1501.32,110.0,0.5862,14.01,0.05,CRITICAL,38.0,10
2026-09-28 01:07:42,M1,Cutting,1181.81,110.0,0.4898,10.4,0.05,CRITICAL,38.08,8
2026-09-28 01:12:42,M1,Cutting,1499.17,110.0,0.6074,13.67,0.05,CRITICAL,38.17,10
2026-09-28 01:17:42,M1,Cutting,1504.3,110.0,0.5727,14.01,0.05,CRITICAL,38.25,10
2026-09-28 01:22:42,M1,Cutting,1497.0,110.0,0.5909,13.94,0.05,CRITICAL,38.33,10
2026-09-28 01:27:42,M1,Cutting,1502.61,110.0,0.6062,13.93,0.05,CRITICAL,38.42,10
2026-09-28 01:32:42,M1,Cutting,1793.51,110.0,0.6995,17.52,0.05,CRITICAL,38.5,12
2026-09-28 01:37:42,M1,Cutting,1502.64,110.0,0.5802,14.12,0.05,CRITICAL,38.58,10
2026-09-28 01:42:42,M1,Cutting,737.14,109.98,0.3951,6.28,0.05,CRITICAL,38.67,5
2026-09-28 01:47:42,M1,Cutting,1506.73,110.0,0.5541,13.88,0.05,CRITICAL,38.75,10
2026-09-28 01:52:42,M1,Cutting,1488.61,110.0,0.5913,13.95,0.05,CRITICAL,38.83,10
2026-09-28 01:57:42,M1,Cutting,750.38,109.25,0.3707,6.31,0.05,CRITICAL,38.92,5
2026-09-28 02:02:42,M1,Cutting,1501.52,110.0,0.5828,13.87,0.05,CRITICAL,39.0,10
2026-09-28 02:07:42,M1,Cutting,1199.32,109.85,0.505,10.34,0.05,CRITICAL,39.08,8
2026-09-28 02:12:42,M1,Cutting,1792.35,110.0,0.6978,17.87,0.05,CRITICAL,39.17,12
2026-09-28 02:17:42,M1,Cutting,1504.95,110.0,0.5635,13.96,0.05,CRITICAL,39.25,10
2026-09-28 02:22:42,M1,Cutting,1507.06,110.0,0.5865,13.91,0.05,CRITICAL,39.33,10
2026-09-28 02:27:42,M1,Cutting,1499.84,110.0,0.5876,13.9,0.05,CRITICAL,39.42,10
2026-09-28 02:32:42,M1,Cutting,1505.95,110.0,0.6023,13.96,0.05,CRITICAL,39.5,10
2026-09-28 02:37:42,M1,Cutting,1501.98,110.0,0.5913,14.03,0.05,CRITICAL,39.58,10
2026-09-28 02:42:42,M1,Cutting,1494.52,110.0,0.5959,14.16,0.05,CRITICAL,39.67,10
2026-09-28 02:47:42,M1,Cutting,1794.32,110.0,0.693,17.65,0.05,CRITICAL,39.75,12
2026-09-28 02:52:42,M1,Cutting,1496.74,110.0,0.5913,14.14,0.05,CRITICAL,39.83,10
2026-09-28 02:57:42,M1,Cutting,1504.39,110.0,0.5969,14.53,0.05,CRITICAL,39.92,10
2026-09-28 03:02:42,M1,Cutting,1498.49,110.0,0.6052,14.18,0.05,CRITICAL,40.0,10
2026-09-28 03:07:42,M1,Cutting,1503.27,110.0,0.5671,13.73,0.05,CRITICAL,40.08,10
2026-09-28 03:12:42,M1,Cutting,1179.17,110.0,0.4986,10.63,0.05,CRITICAL,40.17,8
2026-09-28 03:17:42,M1,Cutting,1508.3,110.0,0.5888,14.15,0.05,CRITICAL,40.25,10
2026-09-28 03:22:42,M1,Cutting,1185.77,109.99,0.4913,10.65,0.05,CRITICAL,40.33,8
2026-09-28 03:27:42,M1,Cutting,1505.52,110.0,0.5672,13.49,0.05,CRITICAL,40.42,10
2026-09-28 03:32:42,M1,Cutting,1505.43,110.0,0.5894,13.77,0.05,CRITICAL,40.5,10
2026-09-28 03:37:42,M1,Cutting,1491.5,110.0,0.5912,13.76,0.05,CRITICAL,40.58,10
2026-09-28 03:42:42,M1,Cutting,1506.27,110.0,0.6038,13.95,0.05,CRITICAL,40.67,10
2026-09-28 03:47:42,M1,Cutting,1495.21,110.0,0.5882,14.05,0.05,CRITICAL,40.75,10
2026-09-28 03:52:42,M1,Cutting,1503.35,110.0,0.56,14.28,0.05,CRITICAL,40.83,10
2026-09-28 03:57:42,M1,Cutting,1507.76,110.0,0.5682,14.16,0.05,CRITICAL,40.92,10
2026-09-28 04:02:42,M1,Cutting,1504.85,110.0,0.5958,13.96,0.05,CRITICAL,41.0,10
2026-09-28 04:07:42,M1,Cutting,1806.53,110.0,0.7064,17.76,0.05,CRITICAL,41.08,12
2026-09-28 04:12:42,M1,Cutting,1206.71,109.97,0.476,10.46,0.05,CRITICAL,41.17,8
2026-09-28 04:17:42,M1,Cutting,1508.47,110.0,0.5838,14.19,0.05,CRITICAL,41.25,10
2026-09-28 04:22:42,M1,Cutting,1491.27,110.0,0.5952,13.92,0.05,CRITICAL,41.33,10
2026-09-28 04:27:42,M1,Cutting,1499.52,110.0,0.5675,14.09,0.05,CRITICAL,41.42,10
2026-09-28 04:32:42,M1,Cutting,1204.01,110.0,0.4826,10.6,0.05,CRITICAL,41.5,8
2026-09-28 04:37:42,M1,Cutting,1798.1,110.0,0.7133,17.83,0.05,CRITICAL,41.58,12
2026-09-28 04:42:42,M1,Cutting,1496.17,110.0,0.5766,13.83,0.05,CRITICAL,41.67,10
2026-09-28 04:47:42,M1,Cutting,1794.8,110.0,0.7215,17.93,0.05,CRITICAL,41.75,12
2026-09-28 04:52:42,M1,Cutting,1197.05,109.61,0.4986,10.62,0.05,CRITICAL,41.83,8
2026-09-28 04:57:42,M1,Cutting,1510.0,110.0,0.5695,13.7,0.05,CRITICAL,41.92,10
2026-09-28 05:02:42,M1,Cutting,1495.71,110.0,0.601,13.66,0.05,CRITICAL,42.0,10
2026-09-28 05:07:42,M1,Cutting,1504.33,110.0,0.5997,13.97,0.05,CRITICAL,42.08,10
2026-09-28 05:12:42,M1,Cutting,1797.12,110.0,0.6964,17.51,0.05,CRITICAL,42.17,12
2026-09-28 05:17:42,M1,Cutting,1495.94,110.0,0.5837,13.67,0.05,CRITICAL,42.25,10
2026-09-28 05:22:42,M1,Cutting,0.0,108.8,0.05,0.5,0.05,STOPPED,42.33,0
2026-09-28 05:27:42,M1,Cutting,1512.11,109.41,0.608,13.88,0.05,CRITICAL,42.42,10
2026-09-28 05:32:42,M1,Cutting,1488.03,110.0,0.5608,13.87,0.05,CRITICAL,42.5,10
2026-09-28 05:37:42,M1,Cutting,1507.59,110.0,0.5884,13.74,0.05,CRITICAL,42.58,10
2026-09-28 05:42:42,M1,Cutting,1495.63,110.0,0.6026,13.95,0.05,CRITICAL,42.67,10
2026-09-28 05:47:42,M1,Cutting,1809.52,110.0,0.7064,17.98,0.05,CRITICAL,42.75,12
2026-09-28 05:52:42,M1,Cutting,1508.14,110.0,0.5876,14.05,0.05,CRITICAL,42.83,10
2026-09-28 05:57:42,M1,Cutting,1513.31,110.0,0.6079,14.14,0.05,CRITICAL,42.92,10
2026-09-28 06:02:42,M1,Cutting,1487.75,110.0,0.5816,14.1,0.05,CRITICAL,43.0,10
2026-09-28 06:07:42,M1,Cutting,1496.92,110.0,0.5804,14.08,0.05,CRITICAL,43.08,10
2026-09-28 06:12:42,M1,Cutting,1798.95,110.0,0.6684,17.94,0.05,CRITICAL,43.17,12
2026-09-28 06:17:42,M1,Cutting,1800.13,110.0,0.7119,17.76,0.05,CRITICAL,43.25,12
2026-09-28 06:22:42,M1,Cutting,1495.98,110.0,0.579,14.05,0.05,CRITICAL,43.33,10
2026-09-28 06:27:42,M1,Cutting,1794.41,110.0,0.688,17.6,0.05,CRITICAL,43.42,12
2026-09-28 06:32:42,M1,Cutting,1795.36,110.0,0.6996,17.82,0.05,CRITICAL,43.5,12
2026-09-28 06:37:42,M1,Cutting,738.8,109.8,0.4052,6.28,0.05,CRITICAL,43.58,5
2026-09-28 06:42:42,M1,Cutting,1793.89,110.0,0.6894,17.78,0.05,CRITICAL,43.67,12
2026-09-28 06:47:42,M1,Cutting,1486.26,110.0,0.5785,14.06,0.05,CRITICAL,43.75,10
2026-09-28 06:52:42,M1,Cutting,1798.15,110.0,0.7029,18.07,0.05,CRITICAL,43.83,12
2026-09-28 06:57:42,M1,Cutting,1787.08,110.0,0.6953,17.37,0.05,CRITICAL,43.92,12
2026-09-28 07:02:42,M1,Cutting,1495.6,110.0,0.5818,14.17,0.05,CRITICAL,44.0,10
2026-09-28 07:07:42,M1,Cutting,1494.48,110.0,0.5823,14.0,0.05,CRITICAL,44.08,10
2026-09-28 07:12:42,M1,Cutting,1496.06,110.0,0.5947,14.29,0.05,CRITICAL,44.17,10
2026-09-28 07:17:42,M1,Cutting,1504.34,110.0,0.585,13.79,0.05,CRITICAL,44.25,10
2026-09-28 07:22:42,M1,Cutting,1797.35,110.0,0.6801,17.65,0.05,CRITICAL,44.33,12
2026-09-28 07:27:42,M1,Cutting,1482.84,110.0,0.5755,14.11,0.05,CRITICAL,44.42,10
2026-09-28 07:32:42,M1,Cutting,1204.39,110.0,0.4974,10.54,0.05,CRITICAL,44.5,8
2026-09-28 07:37:42,M1,Cutting,1505.66,110.0,0.5504,14.0,0.05,CRITICAL,44.58,10
2026-09-28 07:42:42,M1,Cutting,1502.94,110.0,0.5897,13.94,0.05,CRITICAL,44.67,10
2026-09-28 07:47:42,M1,Cutting,1196.88,109.81,0.4979,10.9,0.05,CRITICAL,44.75,8
2026-09-28 07:52:42,M1,Cutting,1804.44,110.0,0.6881,17.59,0.05,CRITICAL,44.83,12
2026-09-28 07:57:42,M1,Cutting,1500.9,110.0,0.5889,14.35,0.05,CRITICAL,44.92,10
2026-09-28 08:02:42,M1,Cutting,1498.26,110.0,0.589,13.94,0.05,CRITICAL,45.0,10
2026-09-28 08:07:42,M1,Cutting,1498.83,110.0,0.572,13.88,0.05,CRITICAL,45.08,10
2026-09-28 08:12:42,M1,Cutting,758.17,108.9,0.3668,6.66,0.05,CRITICAL,45.17,5
2026-09-28 08:17:42,M1,Cutting,1508.69,109.7,0.563,14.21,0.05,CRITICAL,45.25,10
2026-09-28 08:22:42,M1,Cutting,1502.62,110.0,0.5838,14.18,0.05,CRITICAL,45.33,10
2026-09-28 08:27:42,M1,Cutting,1797.31,110.0,0.6804,17.62,0.05,CRITICAL,45.42,12
2026-09-28 08:32:42,M1,Cutting,1506.87,110.0,0.5608,13.95,0.05,CRITICAL,45.5,10
2026-09-28 08:37:42,M1,Cutting,1499.63,110.0,0.5969,13.85,0.05,CRITICAL,45.58,10
2026-09-28 08:42:42,M1,Cutting,1802.25,110.0,0.6983,18.13,0.05,CRITICAL,45.67,12
2026-09-28 08:47:42,M1,Cutting,1183.31,110.0,0.514,10.55,0.05,CRITICAL,45.75,8
2026-09-28 08:52:42,M1,Cutting,1493.6,110.0,0.5756,13.99,0.05,CRITICAL,45.83,10
2026-09-28 08:57:42,M1,Cutting,747.79,109.52,0.3957,6.43,0.05,CRITICAL,45.92,5
2026-09-28 09:02:42,M1,Cutting,1495.15,110.0,0.5751,14.04,0.05,CRITICAL,46.0,10
2026-09-28 09:07:42,M1,Cutting,1491.38,110.0,0.5604,13.86,0.05,CRITICAL,46.08,10
2026-09-28 09:12:42,M1,Cutting,1495.16,110.0,0.6016,13.56,0.05,CRITICAL,46.17,10
2026-09-28 09:17:42,M1,Cutting,1798.33,110.0,0.7152,18.2,0.05,CRITICAL,46.25,12
2026-09-28 09:22:42,M1,Cutting,1503.66,110.0,0.5943,14.29,0.05,CRITICAL,46.33,10
2026-09-28 09:27:42,M1,Cutting,1190.85,110.0,0.5154,10.6,0.05,CRITICAL,46.42,8
2026-09-28 09:32:42,M1,Cutting,1796.46,110.0,0.6994,17.68,0.05,CRITICAL,46.5,12
2026-09-28 09:37:42,M1,Cutting,754.33,109.61,0.3997,6.53,0.05,CRITICAL,46.58,5
2026-09-28 09:42:42,M1,Cutting,1491.74,110.0,0.5792,14.08,0.05,CRITICAL,46.67,10
2026-09-28 09:47:42,M1,Cutting,1494.96,110.0,0.5722,13.8,0.05,CRITICAL,46.75,10
2026-09-28 09:52:42,M1,Cutting,1500.12,110.0,0.6053,14.18,0.05,CRITICAL,46.83,10
2026-09-28 09:57:42,M1,Cutting,1208.87,110.0,0.476,10.71,0.05,CRITICAL,46.92,8
2026-09-28 10:02:42,M1,Cutting,1501.37,110.0,0.5691,14.11,0.05,CRITICAL,47.0,10
2026-09-28 10:07:42,M1,Cutting,1491.89,110.0,0.5918,14.14,0.05,CRITICAL,47.08,10
2026-09-28 10:12:42,M1,Cutting,1804.42,110.0,0.7012,17.9,0.05,CRITICAL,47.17,12
2026-09-28 10:17:42,M1,Cutting,1492.4,110.0,0.5815,14.29,0.05,CRITICAL,47.25,10
2026-09-28 10:22:42,M1,Cutting,1502.8,110.0,0.5785,13.69,0.05,CRITICAL,47.33,10
2026-09-28 10:27:42,M1,Cutting,1505.37,110.0,0.5922,13.94,0.05,CRITICAL,47.42,10
2026-09-28 10:32:42,M1,Cutting,1506.05,110.0,0.5788,14.12,0.05,CRITICAL,47.5,10
2026-09-28 10:37:42,M1,Cutting,1509.72,110.0,0.5921,13.88,0.05,CRITICAL,47.58,10
2026-09-28 10:42:42,M1,Cutting,1804.98,110.0,0.7089,18.04,0.05,CRITICAL,47.67,12
2026-09-28 10:47:42,M1,Cutting,1507.73,110.0,0.6088,14.07,0.05,CRITICAL,47.75,10
2026-09-28 10:52:42,M1,Cutting,0.0,108.8,0.05,0.5,0.05,STOPPED,47.83,0
2026-09-28 10:57:42,M1,Cutting,1214.15,108.53,0.4842,10.49,0.05,CRITICAL,47.92,8
2026-09-28 11:02:42,M1,Cutting,1502.94,109.52,0.5958,13.58,0.05,CRITICAL,48.0,10
2026-09-28 11:07:42,M1,Cutting,1499.47,110.0,0.6001,13.87,0.05,CRITICAL,48.08,10
2026-09-28 11:12:42,M1,Cutting,1515.7,110.0,0.6026,14.0,0.05,CRITICAL,48.17,10
2026-09-28 11:17:42,M1,Cutting,1503.23,110.0,0.5881,13.8,0.05,CRITICAL,48.25,10
2026-09-28 11:22:42,M1,Cutting,1815.9,110.0,0.6976,17.67,0.05,CRITICAL,48.33,12
2026-09-28 11:27:42,M1,Cutting,1504.18,110.0,0.59,14.27,0.05,CRITICAL,48.42,10
2026-09-28 11:32:42,M1,Cutting,1200.35,109.38,0.4881,10.7,0.05,CRITICAL,48.5,8
2026-09-28 11:37:42,M1,Cutting,1486.76,110.0,0.594,14.11,0.05,CRITICAL,48.58,10
2026-09-28 11:42:42,M1,Cutting,1496.27,110.0,0.5757,13.97,0.05,CRITICAL,48.67,10
2026-09-28 11:47:42,M1,Cutting,1507.45,110.0,0.5945,14.05,0.05,CRITICAL,48.75,10
2026-09-28 11:52:42,M1,Cutting,1505.04,110.0,0.573,13.84,0.05,CRITICAL,48.83,10
2026-09-28 11:57:42,M1,Cutting,0.0,108.8,0.05,0.5,0.05,STOPPED,48.92,0
2026-09-28 12:02:42,M1,Cutting,1502.03,109.59,0.5893,14.16,0.05,CRITICAL,49.0,10
2026-09-28 12:07:42,M1,Cutting,1198.54,109.83,0.4971,10.49,0.05,CRITICAL,49.08,8
2026-09-28 12:12:42,M1,Cutting,748.35,109.15,0.3718,6.09,0.05,CRITICAL,49.17,5
2026-09-28 12:17:42,M1,Cutting,1486.38,109.77,0.5983,13.91,0.05,CRITICAL,49.25,10
2026-09-28 12:22:42,M1,Cutting,1496.1,110.0,0.5631,13.93,0.05,CRITICAL,49.33,10
2026-09-28 12:27:42,M1,Cutting,1796.96,110.0,0.6868,17.84,0.05,CRITICAL,49.42,12
2026-09-28 12:32:42,M1,Cutting,1499.75,110.0,0.5557,13.83,0.05,CRITICAL,49.5,10
2026-09-28 12:37:42,M1,Cutting,1201.89,109.79,0.4928,10.37,0.05,CRITICAL,49.58,8
2026-09-28 12:42:42,M1,Cutting,1799.24,110.0,0.68,17.42,0.05,CRITICAL,49.67,12
2026-09-28 12:47:42,M1,Cutting,1490.51,110.0,0.6071,13.54,0.05,CRITICAL,49.75,10
2026-09-28 12:52:42,M1,Cutting,1803.86,110.0,0.6636,17.85,0.05,CRITICAL,49.83,12
2026-09-28 12:57:42,M1,Cutting,1190.53,110.0,0.4914,10.49,0.05,CRITICAL,49.92,8
2026-09-28 13:02:42,M1,Cutting,1509.98,110.0,0.577,13.99,0.05,CRITICAL,50.0,10
2026-09-28 13:07:42,M1,Cutting,1495.79,110.0,0.5877,13.61,0.05,CRITICAL,50.08,10
2026-09-28 13:12:42,M1,Cutting,1515.23,110.0,0.5801,14.33,0.05,CRITICAL,50.17,10
2026-09-28 13:17:42,M1,Cutting,1483.23,110.0,0.5885,14.17,0.05,CRITICAL,50.25,10
2026-09-28 13:22:42,M1,Cutting,1495.29,110.0,0.5744,13.83,0.05,CRITICAL,50.33,10
2026-09-28 13:27:42,M1,Cutting,1203.04,110.0,0.4992,10.55,0.05,CRITICAL,50.42,8
2026-09-28 13:32:42,M1,Cutting,1509.74,110.0,0.579,13.9,0.05,CRITICAL,50.5,10
2026-09-28 13:37:42,M1,Cutting,1503.21,110.0,0.5678,14.09,0.05,CRITICAL,50.58,10
2026-09-28 13:42:42,M1,Cutting,1503.27,110.0,0.5692,13.94,0.05,CRITICAL,50.67,10
2026-09-28 13:47:42,M1,Cutting,1502.37,110.0,0.5928,14.08,0.05,CRITICAL,50.75,10
2026-09-28 13:52:42,M1,Cutting,1483.3,110.0,0.5689,13.88,0.05,CRITICAL,50.83,10
2026-09-28 13:57:42,M1,Cutting,744.75,109.35,0.4083,6.1,0.05,CRITICAL,50.92,5
2026-09-28 14:02:42,M1,Cutting,1495.15,109.33,0.575,14.09,0.05,CRITICAL,51.0,10
2026-09-28 14:07:42,M1,Cutting,1509.37,109.95,0.5658,13.93,0.05,CRITICAL,51.08,10
2026-09-28 14:12:42,M1,Cutting,1506.15,110.0,0.6414,14.04,0.05,CRITICAL,51.17,10
2026-09-28 14:17:42,M1,Cutting,1500.45,110.0,0.5792,13.9,0.05,CRITICAL,51.25,10
2026-09-28 14:22:42,M1,Cutting,1499.64,110.0,0.5874,13.92,0.05,CRITICAL,51.33,10
2026-09-28 14:27:42,M1,Cutting,1793.48,110.0,0.6852,17.67,0.05,CRITICAL,51.42,12
2026-09-28 14:32:42,M1,Cutting,1495.72,110.0,0.5939,14.07,0.05,CRITICAL,51.5,10
2026-09-28 14:37:42,M1,Cutting,1805.94,110.0,0.69,17.8,0.05,CRITICAL,51.58,12
2026-09-28 14:42:42,M1,Cutting,1500.78,110.0,0.5937,14.26,0.05,CRITICAL,51.67,10
2026-09-28 14:47:42,M1,Cutting,1504.04,110.0,0.5606,14.04,0.05,CRITICAL,51.75,10
2026-09-28 14:52:42,M1,Cutting,1806.95,110.0,0.7068,17.68,0.05,CRITICAL,51.83,12
2026-09-28 14:57:42,M1,Cutting,1507.93,110.0,0.5633,14.21,0.05,CRITICAL,51.92,10
2026-09-28 15:02:42,M1,Cutting,1486.88,110.0,0.5755,13.92,0.05,CRITICAL,52.0,10
2026-09-28 15:07:42,M1,Cutting,746.25,109.05,0.3995,6.01,0.05,CRITICAL,52.08,5
2026-09-28 15:12:42,M1,Cutting,750.68,108.36,0.3705,5.64,0.05,CRITICAL,52.17,5
2026-09-28 15:17:42,M1,Cutting,1806.6,110.0,0.695,17.94,0.05,CRITICAL,52.25,12
2026-09-28 15:22:42,M1,Cutting,1192.41,110.0,0.489,10.94,0.05,CRITICAL,52.33,8
2026-09-28 15:27:42,M1,Cutting,1197.84,109.81,0.5064,10.71,0.05,CRITICAL,52.42,8
2026-09-28 15:32:42,M1,Cutting,1495.77,110.0,0.5786,13.79,0.05,CRITICAL,52.5,10
2026-09-28 15:37:42,M1,Cutting,1501.83,110.0,0.5547,14.34,0.05,CRITICAL,52.58,10
2026-09-28 15:42:42,M1,Cutting,1489.05,110.0,0.5841,14.4,0.05,CRITICAL,52.67,10
2026-09-28 15:47:42,M1,Cutting,1506.82,110.0,0.5946,14.25,0.05,CRITICAL,52.75,10
2026-09-28 15:52:42,M1,Cutting,1186.76,110.0,0.4939,10.39,0.05,CRITICAL,52.83,8
2026-09-28 15:57:42,M1,Cutting,1491.78,110.0,0.5723,13.98,0.05,CRITICAL,52.92,10
2026-09-28 16:02:42,M1,Cutting,1800.58,110.0,0.6937,17.73,0.05,CRITICAL,53.0,12
2026-09-28 16:07:42,M1,Cutting,1486.05,110.0,0.5893,14.12,0.05,CRITICAL,53.08,10
2026-09-28 16:12:42,M1,Cutting,1496.69,110.0,0.5625,14.38,0.05,CRITICAL,53.17,10
2026-09-28 16:17:42,M1,Cutting,1485.08,110.0,0.589,14.21,0.05,CRITICAL,53.25,10
2026-09-28 16:22:42,M1,Cutting,1489.7,110.0,0.5981,13.72,0.05,CRITICAL,53.33,10
2026-09-28 16:27:42,M1,Cutting,1499.45,110.0,0.5815,13.83,0.05,CRITICAL,53.42,10
2026-09-28 16:32:42,M1,Cutting,1509.6,110.0,0.5998,13.91,0.05,CRITICAL,53.5,10
2026-09-28 16:37:42,M1,Cutting,1503.29,110.0,0.6119,13.96,0.05,CRITICAL,53.58,10
2026-09-28 16:42:42,M1,Cutting,1480.09,110.0,0.5678,13.87,0.05,CRITICAL,53.67,10
2026-09-28 16:47:42,M1,Cutting,0.0,108.8,0.05,0.5,0.05,STOPPED,53.75,0
2026-09-28 16:52:42,M1,Cutting,1497.26,109.31,0.5794,14.03,0.05,CRITICAL,53.83,10
2026-09-28 16:57:42,M1,Cutting,1801.44,110.0,0.683,17.87,0.05,CRITICAL,53.92,12
2026-09-28 17:02:42,M1,Cutting,1509.27,110.0,0.6005,13.93,0.05,CRITICAL,54.0,10
2026-09-28 17:07:42,M1,Cutting,1496.28,110.0,0.5557,13.94,0.05,CRITICAL,54.08,10
2026-09-28 17:12:42,M1,Cutting,1795.56,110.0,0.6866,17.82,0.05,CRITICAL,54.17,12
2026-09-28 17:17:42,M1,Cutting,1490.4,110.0,0.5978,13.94,0.05,CRITICAL,54.25,10
2026-09-28 17:22:42,M1,Cutting,1514.04,110.0,0.5929,14.0,0.05,CRITICAL,54.33,10
2026-09-28 17:27:42,M1,Cutting,1811.72,110.0,0.6978,17.66,0.05,CRITICAL,54.42,12
2026-09-28 17:32:42,M1,Cutting,1506.2,110.0,0.5788,14.11,0.05,CRITICAL,54.5,10
2026-09-28 17:37:42,M1,Cutting,1498.14,110.0,0.5793,14.23,0.05,CRITICAL,54.58,10
2026-09-28 17:42:42,M1,Cutting,1499.55,110.0,0.5847,14.24,0.05,CRITICAL,54.67,10
2026-09-28 17:47:42,M1,Cutting,1498.19,110.0,0.5721,13.98,0.05,CRITICAL,54.75,10
2026-09-28 17:52:42,M1,Cutting,1508.33,110.0,0.5912,14.12,0.05,CRITICAL,54.83,10
2026-09-28 17:57:42,M1,Cutting,1200.59,110.0,0.5088,10.52,0.05,CRITICAL,54.92,8
2026-09-28 18:02:42,M1,Cutting,1489.65,110.0,0.5545,14.11,0.05,CRITICAL,55.0,10
2026-09-28 18:07:42,M1,Cutting,1497.38,110.0,0.5754,13.93,0.05,CRITICAL,55.08,10
2026-09-28 18:12:42,M1,Cutting,1198.45,110.0,0.5173,10.44,0.05,CRITICAL,55.17,8
2026-09-28 18:17:42,M1,Cutting,1497.01,110.0,0.5809,13.9,0.05,CRITICAL,55.25,10
2026-09-28 18:22:42,M1,Cutting,1484.73,110.0,0.5763,14.26,0.05,CRITICAL,55.33,10
2026-09-28 18:27:42,M1,Cutting,1494.59,110.0,0.5749,14.2,0.05,CRITICAL,55.42,10
2026-09-28 18:32:42,M1,Cutting,1500.33,110.0,0.5672,14.09,0.05,CRITICAL,55.5,10
2026-09-28 18:37:42,M1,Cutting,1498.07,110.0,0.5835,14.16,0.05,CRITICAL,55.58,10
2026-09-28 18:42:42,M1,Cutting,1503.46,110.0,0.5718,14.09,0.05,CRITICAL,55.67,10
2026-09-28 18:47:42,M1,Cutting,1184.12,110.0,0.4809,10.46,0.05,CRITICAL,55.75,8
2026-09-28 18:52:42,M1,Cutting,1476.74,110.0,0.558,13.93,0.05,CRITICAL,55.83,10
2026-09-28 18:57:42,M1,Cutting,1502.02,110.0,0.5932,13.76,0.05,CRITICAL,55.92,10
2026-09-28 19:02:42,M1,Cutting,1496.33,110.0,0.5562,13.86,0.05,CRITICAL,56.0,10
2026-09-28 19:07:42,M1,Cutting,1812.54,110.0,0.6754,17.6,0.05,CRITICAL,56.08,12
2026-09-28 19:12:42,M1,Cutting,1491.98,110.0,0.575,13.85,0.05,CRITICAL,56.17,10
2026-09-28 19:17:42,M1,Cutting,1804.13,110.0,0.7102,17.97,0.05,CRITICAL,56.25,12
2026-09-28 19:22:42,M1,Cutting,1493.76,110.0,0.5959,14.27,0.05,CRITICAL,56.33,10
2026-09-28 19:27:42,M1,Cutting,1504.84,110.0,0.5859,14.22,0.05,CRITICAL,56.42,10
2026-09-28 19:32:42,M1,Cutting,1518.25,110.0,0.5543,13.88,0.05,CRITICAL,56.5,10
2026-09-28 19:37:42,M1,Cutting,1509.16,110.0,0.5906,14.04,0.05,CRITICAL,56.58,10
2026-09-28 19:42:42,M1,Cutting,1492.38,110.0,0.595,13.86,0.05,CRITICAL,56.67,10
2026-09-28 19:47:42,M1,Cutting,1196.38,110.0,0.5178,10.77,0.05,CRITICAL,56.75,8
2026-09-28 19:52:42,M1,Cutting,1805.88,110.0,0.6846,18.13,0.05,CRITICAL,56.83,12
2026-09-28 19:57:42,M1,Cutting,1205.83,110.0,0.4728,10.38,0.05,CRITICAL,56.92,8
2026-09-28 20:02:42,M1,Cutting,1802.27,110.0,0.7112,17.58,0.05,CRITICAL,57.0,12
2026-09-28 20:07:42,M1,Cutting,1498.33,110.0,0.5822,14.11,0.05,CRITICAL,57.08,10
2026-09-28 20:12:42,M1,Cutting,1491.43,110.0,0.5853,14.38,0.05,CRITICAL,57.17,10
2026-09-28 20:17:42,M1,Cutting,1501.75,110.0,0.6118,14.02,0.05,CRITICAL,57.25,10
2026-09-28 20:22:42,M1,Cutting,1486.65,110.0,0.5941,14.21,0.05,CRITICAL,57.33,10
2026-09-28 20:27:42,M1,Cutting,1492.02,110.0,0.5862,14.21,0.05,CRITICAL,57.42,10
2026-09-28 20:32:42,M1,Cutting,755.11,109.48,0.3972,6.45,0.05,CRITICAL,57.5,5
2026-09-28 20:37:42,M1,Cutting,1505.22,110.0,0.6085,13.77,0.05,CRITICAL,57.58,10
2026-09-28 20:42:42,M1,Cutting,1492.76,110.0,0.6116,14.23,0.05,CRITICAL,57.67,10
2026-09-28 20:47:42,M1,Cutting,1493.92,110.0,0.5726,14.06,0.05,CRITICAL,57.75,10
2026-09-28 20:52:42,M1,Cutting,1192.67,110.0,0.4945,10.86,0.05,CRITICAL,57.83,8
2026-09-28 20:57:42,M1,Cutting,754.87,109.4,0.3824,6.8,0.05,CRITICAL,57.92,5
2026-09-28 21:02:42,M1,Cutting,1487.51,110.0,0.5793,14.3,0.05,CRITICAL,58.0,10
2026-09-28 21:07:42,M1,Cutting,1499.75,110.0,0.5839,14.05,0.05,CRITICAL,58.08,10
2026-09-28 21:12:42,M1,Cutting,0.0,108.8,0.05,0.5,0.05,STOPPED,58.17,0
2026-09-28 21:17:42,M1,Cutting,1495.5,109.35,0.558,14.2,0.05,CRITICAL,58.25,10
2026-09-28 21:22:42,M1,Cutting,1790.77,110.0,0.6784,18.0,0.05,CRITICAL,58.33,12
2026-09-28 21:27:42,M1,Cutting,1513.86,110.0,0.5948,14.14,0.05,CRITICAL,58.42,10
2026-09-28 21:32:42,M1,Cutting,1214.09,109.78,0.4992,10.59,0.05,CRITICAL,58.5,8
2026-09-28 21:37:42,M1,Cutting,1496.32,110.0,0.5877,13.65,0.05,CRITICAL,58.58,10
2026-09-28 21:42:42,M1,Cutting,1499.57,110.0,0.6173,13.8,0.05,CRITICAL,58.67,10
2026-09-28 21:47:42,M1,Cutting,1509.44,110.0,0.5634,14.46,0.05,CRITICAL,58.75,10
2026-09-28 21:52:42,M1,Cutting,1199.98,109.81,0.505,10.47,0.05,CRITICAL,58.83,8
2026-09-28 21:57:42,M1,Cutting,1506.69,110.0,0.6018,14.05,0.05,CRITICAL,58.92,10
2026-09-28 22:02:42,M1,Cutting,1811.2,110.0,0.6903,17.51,0.05,CRITICAL,59.0,12
2026-09-28 22:07:42,M1,Cutting,1783.8,110.0,0.6902,17.94,0.05,CRITICAL,59.08,12
2026-09-28 22:12:42,M1,Cutting,1191.79,109.85,0.5169,10.83,0.05,CRITICAL,59.17,8
2026-09-28 22:17:42,M1,Cutting,1181.95,110.0,0.4778,10.35,0.05,CRITICAL,59.25,8
2026-09-28 22:22:42,M1,Cutting,745.25,109.4,0.3631,6.21,0.05,CRITICAL,59.33,5
2026-09-28 22:27:42,M1,Cutting,1483.48,109.92,0.5789,13.86,0.05,CRITICAL,59.42,10
2026-09-28 22:32:42,M1,Cutting,1185.65,109.85,0.5218,10.32,0.05,CRITICAL,59.5,8
2026-09-28 22:37:42,M1,Cutting,1801.38,110.0,0.6844,17.88,0.05,CRITICAL,59.58,12
2026-09-28 22:42:42,M1,Cutting,1486.54,110.0,0.568,13.8,0.05,CRITICAL,59.67,10
2026-09-28 22:47:42,M1,Cutting,1493.28,110.0,0.5723,14.14,0.05,CRITICAL,59.75,10
2026-09-28 22:52:42,M1,Cutting,1501.7,110.0,0.574,14.21,0.05,CRITICAL,59.83,10
2026-09-28 22:57:42,M1,Cutting,1500.99,110.0,0.5946,13.84,0.05,CRITICAL,59.92,10
2026-09-28 23:02:42,M1,Cutting,1499.41,110.0,0.5617,13.98,0.05,CRITICAL,60.0,10
2026-09-28 23:07:42,M1,Cutting,1509.62,110.0,0.57,14.06,0.05,CRITICAL,60.08,10
2026-09-28 23:12:42,M1,Cutting,1803.93,110.0,0.691,17.89,0.05,CRITICAL,60.17,12
2026-09-28 23:17:42,M1,Cutting,1504.48,110.0,0.5751,13.84,0.05,CRITICAL,60.25,10
2026-09-28 23:22:42,M1,Cutting,1505.46,110.0,0.6132,14.03,0.05,CRITICAL,60.33,10
2026-09-28 23:27:42,M1,Cutting,1195.28,110.0,0.4765,10.76,0.05,CRITICAL,60.42,8
2026-09-28 23:32:42,M1,Cutting,1795.6,110.0,0.6956,17.75,0.05,CRITICAL,60.5,12
2026-09-28 23:37:42,M1,Cutting,1497.65,110.0,0.6006,13.71,0.05,CRITICAL,60.58,10
2026-09-28 23:42:42,M1,Cutting,1502.02,110.0,0.599,14.28,0.05,CRITICAL,60.67,10
2026-09-28 23:47:42,M1,Cutting,1187.83,110.0,0.5012,10.94,0.05,CRITICAL,60.75,8
2026-09-28 23:52:42,M1,Cutting,1804.59,110.0,0.6969,17.52,0.05,CRITICAL,60.83,12
2026-09-28 23:57:42,M1,Cutting,1511.2,110.0,0.5845,14.11,0.05,CRITICAL,60.92,10
2026-09-29 00:02:42,M1,Cutting,1799.11,110.0,0.6863,17.61,0.05,CRITICAL,61.0,12
2026-09-29 00:07:42,M1,Cutting,1495.69,110.0,0.545,13.97,0.05,CRITICAL,61.08,10
2026-09-29 00:12:42,M1,Cutting,1508.71,110.0,0.5649,13.92,0.05,CRITICAL,61.17,10
2026-09-29 00:17:42,M1,Cutting,1501.01,110.0,0.5852,13.85,0.05,CRITICAL,61.25,10
2026-09-29 00:22:42,M1,Cutting,1501.4,110.0,0.5845,13.73,0.05,CRITICAL,61.33,10
2026-09-29 00:27:42,M1,Cutting,746.1,108.88,0.3968,6.41,0.05,CRITICAL,61.42,5
2026-09-29 00:32:42,M1,Cutting,1507.82,110.0,0.6033,13.58,0.05,CRITICAL,61.5,10
2026-09-29 00:37:42,M1,Cutting,1478.87,110.0,0.5901,13.94,0.05,CRITICAL,61.58,10
2026-09-29 00:42:42,M1,Cutting,1792.6,110.0,0.6893,17.45,0.05,CRITICAL,61.67,12
2026-09-29 00:47:42,M1,Cutting,1504.97,110.0,0.6222,14.21,0.05,CRITICAL,61.75,10
2026-09-29 00:52:42,M1,Cutting,748.53,109.73,0.3856,6.17,0.05,CRITICAL,61.83,5
2026-09-29 00:57:42,M1,Cutting,0.0,108.53,0.05,0.5,0.05,STOPPED,61.92,0
2026-09-29 01:02:42,M1,Cutting,1500.36,109.18,0.5619,14.01,0.05,CRITICAL,62.0,10
2026-09-29 01:07:42,M1,Cutting,1495.22,109.81,0.6065,14.22,0.05,CRITICAL,62.08,10
2026-09-29 01:12:42,M1,Cutting,1503.48,110.0,0.5889,14.1,0.05,CRITICAL,62.17,10
2026-09-29 01:17:42,M1,Cutting,1482.32,110.0,0.5826,14.22,0.05,CRITICAL,62.25,10
2026-09-29 01:22:42,M1,Cutting,1492.27,110.0,0.5649,14.33,0.05,CRITICAL,62.33,10
2026-09-29 01:27:42,M1,Cutting,1778.98,110.0,0.6665,17.67,0.05,CRITICAL,62.42,12
2026-09-29 01:32:42,M1,Cutting,1499.17,110.0,0.6064,13.75,0.05,CRITICAL,62.5,10
2026-09-29 01:37:42,M1,Cutting,1509.64,110.0,0.589,13.88,0.05,CRITICAL,62.58,10
2026-09-29 01:42:42,M1,Cutting,1811.01,110.0,0.7145,17.84,0.05,CRITICAL,62.67,12
2026-09-29 01:47:42,M1,Cutting,1496.81,110.0,0.5604,13.88,0.05,CRITICAL,62.75,10
2026-09-29 01:52:42,M1,Cutting,1485.28,110.0,0.5843,13.99,0.05,CRITICAL,62.83,10
2026-09-29 01:57:42,M1,Cutting,1492.87,110.0,0.6143,13.99,0.05,CRITICAL,62.92,10
2026-09-29 02:02:42,M1,Cutting,1507.67,110.0,0.5986,14.01,0.05,CRITICAL,63.0,10
2026-09-29 02:07:42,M1,Cutting,1210.02,110.0,0.4859,10.66,0.05,CRITICAL,63.08,8
2026-09-29 02:12:42,M1,Cutting,739.84,109.12,0.3854,6.3,0.05,CRITICAL,63.17,5
2026-09-29 02:17:42,M1,Cutting,1504.18,109.46,0.6104,13.63,0.05,CRITICAL,63.25,10
2026-09-29 02:22:42,M1,Cutting,1800.57,110.0,0.6787,17.52,0.05,CRITICAL,63.33,12
2026-09-29 02:27:42,M1,Cutting,1510.7,110.0,0.5975,14.24,0.05,CRITICAL,63.42,10
2026-09-29 02:32:42,M1,Cutting,1510.07,110.0,0.5976,14.23,0.05,CRITICAL,63.5,10
2026-09-29 02:37:42,M1,Cutting,1197.79,110.0,0.487,10.68,0.05,CRITICAL,63.58,8
2026-09-29 02:42:42,M1,Cutting,1216.4,110.0,0.4806,10.59,0.05,CRITICAL,63.67,8
2026-09-29 02:47:42,M1,Cutting,1193.55,110.0,0.4953,10.25,0.05,CRITICAL,63.75,8
2026-09-29 02:52:42,M1,Cutting,1505.54,110.0,0.5782,14.15,0.05,CRITICAL,63.83,10
2026-09-29 02:57:42,M1,Cutting,1804.25,110.0,0.6706,18.1,0.05,CRITICAL,63.92,12
2026-09-29 03:02:42,M1,Cutting,1515.18,110.0,0.594,13.81,0.05,CRITICAL,64.0,10
2026-09-29 03:07:42,M1,Cutting,1493.33,110.0,0.5836,13.87,0.05,CRITICAL,64.08,10
2026-09-29 03:12:42,M1,Cutting,1503.37,110.0,0.5881,14.05,0.05,CRITICAL,64.17,10
2026-09-29 03:17:42,M1,Cutting,737.93,109.37,0.3841,6.01,0.05,CRITICAL,64.25,5
2026-09-29 03:22:42,M1,Cutting,1493.51,110.0,0.5857,13.78,0.05,CRITICAL,64.33,10
2026-09-29 03:27:42,M1,Cutting,1495.48,110.0,0.5846,14.08,0.05,CRITICAL,64.42,10
2026-09-29 03:32:42,M1,Cutting,1800.06,110.0,0.7257,17.36,0.05,CRITICAL,64.5,12
2026-09-29 03:37:42,M1,Cutting,1507.92,110.0,0.5876,13.88,0.05,CRITICAL,64.58,10
2026-09-29 03:42:42,M1,Cutting,1805.85,110.0,0.6976,17.89,0.05,CRITICAL,64.67,12
2026-09-29 03:47:42,M1,Cutting,1203.22,110.0,0.5098,10.44,0.05,CRITICAL,64.75,8
2026-09-29 03:52:42,M1,Cutting,1499.48,110.0,0.5802,14.01,0.05,CRITICAL,64.83,10
2026-09-29 03:57:42,M1,Cutting,1497.19,110.0,0.5775,14.21,0.05,CRITICAL,64.92,10
2026-09-29 04:02:42,M1,Cutting,1504.82,110.0,0.5865,13.83,0.05,CRITICAL,65.0,10
2026-09-29 04:07:42,M1,Cutting,1503.03,110.0,0.5872,14.08,0.05,CRITICAL,65.08,10
2026-09-29 04:12:42,M1,Cutting,1209.75,110.0,0.4878,10.8,0.05,CRITICAL,65.17,8
2026-09-29 04:17:42,M1,Cutting,1798.23,110.0,0.6953,17.59,0.05,CRITICAL,65.25,12
2026-09-29 04:22:42,M1,Cutting,1792.67,110.0,0.6971,17.61,0.05,CRITICAL,65.33,12
2026-09-29 04:27:42,M1,Cutting,1191.82,110.0,0.4885,10.53,0.05,CRITICAL,65.42,8
2026-09-29 04:32:42,M1,Cutting,0.0,108.8,0.05,0.5,0.05,STOPPED,65.5,0
2026-09-29 04:37:42,M1,Cutting,1489.05,108.78,0.5966,13.75,0.05,CRITICAL,65.58,10
2026-09-29 04:42:42,M1,Cutting,1225.94,108.87,0.4909,11.05,0.05,CRITICAL,65.67,8
2026-09-29 04:47:42,M1,Cutting,1787.57,110.0,0.6868,18.12,0.05,CRITICAL,65.75,12
2026-09-29 04:52:42,M1,Cutting,1503.97,110.0,0.5478,14.21,0.05,CRITICAL,65.83,10
2026-09-29 04:57:42,M1,Cutting,1500.67,110.0,0.5574,14.33,0.05,CRITICAL,65.92,10
2026-09-29 05:02:42,M1,Cutting,0.0,108.8,0.05,0.5,0.05,STOPPED,66.0,0
2026-09-29 05:07:42,M1,Cutting,1498.17,109.18,0.5764,14.12,0.05,CRITICAL,66.08,10
2026-09-29 05:12:42,M1,Cutting,1494.28,110.0,0.585,14.1,0.05,CRITICAL,66.17,10
2026-09-29 05:17:42,M1,Cutting,1500.27,110.0,0.5602,13.79,0.05,CRITICAL,66.25,10
2026-09-29 05:22:42,M1,Cutting,1795.31,110.0,0.6858,17.84,0.05,CRITICAL,66.33,12
2026-09-29 05:27:42,M1,Cutting,1515.24,110.0,0.5829,13.88,0.05,CRITICAL,66.42,10
2026-09-29 05:32:42,M1,Cutting,1202.22,110.0,0.4923,10.58,0.05,CRITICAL,66.5,8
2026-09-29 05:37:42,M1,Cutting,1201.99,110.0,0.4841,10.26,0.05,CRITICAL,66.58,8
2026-09-29 05:42:42,M1,Cutting,1505.32,110.0,0.575,13.89,0.05,CRITICAL,66.67,10
2026-09-29 05:47:42,M1,Cutting,1491.49,110.0,0.5626,13.84,0.05,CRITICAL,66.75,10
2026-09-29 05:52:42,M1,Cutting,1485.35,110.0,0.5812,13.75,0.05,CRITICAL,66.83,10
2026-09-29 05:57:42,M1,Cutting,1491.55,110.0,0.5751,13.79,0.05,CRITICAL,66.92,10
2026-09-29 06:02:42,M1,Cutting,1202.53,110.0,0.512,10.41,0.05,CRITICAL,67.0,8
2026-09-29 06:07:42,M1,Cutting,1498.38,110.0,0.5835,14.04,0.05,CRITICAL,67.08,10
2026-09-29 06:12:42,M1,Cutting,748.69,109.08,0.3798,6.29,0.05,CRITICAL,67.17,5
2026-09-29 06:17:42,M1,Cutting,1507.46,110.0,0.5695,13.55,0.05,CRITICAL,67.25,10
2026-09-29 06:22:42,M1,Cutting,1500.28,110.0,0.5947,13.61,0.05,CRITICAL,67.33,10
2026-09-29 06:27:42,M1,Cutting,1801.31,110.0,0.6814,17.54,0.05,CRITICAL,67.42,12
2026-09-29 06:32:42,M1,Cutting,1496.94,110.0,0.5647,13.98,0.05,CRITICAL,67.5,10
2026-09-29 06:37:42,M1,Cutting,753.23,109.77,0.3865,6.13,0.05,CRITICAL,67.58,5
2026-09-29 06:42:42,M1,Cutting,1490.59,110.0,0.5897,14.1,0.05,CRITICAL,67.67,10
2026-09-29 06:47:42,M1,Cutting,1490.0,110.0,0.6023,13.78,0.05,CRITICAL,67.75,10
2026-09-29 06:52:42,M1,Cutting,1509.9,110.0,0.5778,14.08,0.05,CRITICAL,67.83,10
2026-09-29 06:57:42,M1,Cutting,1493.75,110.0,0.6076,13.8,0.05,CRITICAL,67.92,10
2026-09-29 07:02:42,M1,Cutting,1808.73,110.0,0.671,17.68,0.05,CRITICAL,68.0,12
2026-09-29 07:07:42,M1,Cutting,1197.38,109.81,0.5097,10.75,0.05,CRITICAL,68.08,8
2026-09-29 07:12:42,M1,Cutting,1488.83,110.0,0.5796,14.12,0.05,CRITICAL,68.17,10
2026-09-29 07:17:42,M1,Cutting,1495.71,110.0,0.5818,13.95,0.05,CRITICAL,68.25,10
2026-09-29 07:22:42,M1,Cutting,1502.56,110.0,0.5974,14.33,0.05,CRITICAL,68.33,10
2026-09-29 07:27:42,M1,Cutting,1496.24,110.0,0.5914,13.91,0.05,CRITICAL,68.42,10
2026-09-29 07:32:42,M1,Cutting,1494.09,110.0,0.5861,14.24,0.05,CRITICAL,68.5,10
2026-09-29 07:37:42,M1,Cutting,1498.08,110.0,0.57,13.67,0.05,CRITICAL,68.58,10
2026-09-29 07:42:42,M1,Cutting,735.25,109.36,0.403,6.06,0.05,CRITICAL,68.67,5
2026-09-29 07:47:42,M1,Cutting,1505.59,110.0,0.5885,13.95,0.05,CRITICAL,68.75,10
2026-09-29 07:52:42,M1,Cutting,1193.6,110.0,0.5075,10.2,0.05,CRITICAL,68.83,8
2026-09-29 07:57:42,M1,Cutting,1201.28,110.0,0.5018,10.7,0.05,CRITICAL,68.92,8
2026-09-29 08:02:42,M1,Cutting,1195.55,110.0,0.4784,10.56,0.05,CRITICAL,69.0,8
2026-09-29 08:07:42,M1,Cutting,1494.06,110.0,0.5898,14.26,0.05,CRITICAL,69.08,10
2026-09-29 08:12:42,M1,Cutting,1788.68,110.0,0.6798,17.82,0.05,CRITICAL,69.17,12
2026-09-29 08:17:42,M1,Cutting,1492.93,110.0,0.5967,13.48,0.05,CRITICAL,69.25,10
2026-09-29 08:22:42,M1,Cutting,1797.23,110.0,0.6875,17.45,0.05,CRITICAL,69.33,12
2026-09-29 08:27:42,M1,Cutting,1506.02,110.0,0.6007,13.76,0.05,CRITICAL,69.42,10
2026-09-29 08:32:42,M1,Cutting,1505.37,110.0,0.5939,14.31,0.05,CRITICAL,69.5,10
2026-09-29 08:37:42,M1,Cutting,0.0,108.8,0.05,0.5,0.05,STOPPED,69.58,0
2026-09-29 08:42:42,M1,Cutting,1510.0,109.5,0.5709,13.73,0.05,CRITICAL,69.67,10
2026-09-29 08:47:42,M1,Cutting,1186.84,109.98,0.4912,10.89,0.05,CRITICAL,69.75,8
2026-09-29 08:52:42,M1,Cutting,1504.3,110.0,0.5633,14.09,0.05,CRITICAL,69.83,10
2026-09-29 08:57:42,M1,Cutting,1502.52,110.0,0.5903,14.37,0.05,CRITICAL,69.92,10
2026-09-29 09:02:42,M1,Cutting,1499.26,110.0,0.5853,13.95,0.05,CRITICAL,70.0,10
2026-09-29 09:07:42,M1,Cutting,1804.71,110.0,0.695,17.76,0.05,CRITICAL,70.08,12
2026-09-29 09:12:42,M1,Cutting,1495.13,110.0,0.5542,14.07,0.05,CRITICAL,70.17,10
2026-09-29 09:17:42,M1,Cutting,1490.8,110.0,0.5601,14.07,0.05,CRITICAL,70.25,10
2026-09-29 09:22:42,M1,Cutting,752.85,109.53,0.4167,6.28,0.05,CRITICAL,70.33,5
2026-09-29 09:27:42,M1,Cutting,1508.93,110.0,0.62,14.3,0.05,CRITICAL,70.42,10
2026-09-29 09:32:42,M1,Cutting,1501.94,110.0,0.5743,13.58,0.05,CRITICAL,70.5,10
2026-09-29 09:37:42,M1,Cutting,1498.98,110.0,0.6115,13.83,0.05,CRITICAL,70.58,10
2026-09-29 09:42:42,M1,Cutting,1484.2,110.0,0.5829,14.15,0.05,CRITICAL,70.67,10
2026-09-29 09:47:42,M1,Cutting,1799.76,110.0,0.689,17.67,0.05,CRITICAL,70.75,12
2026-09-29 09:52:42,M1,Cutting,1513.15,110.0,0.582,14.07,0.05,CRITICAL,70.83,10
2026-09-29 09:57:42,M1,Cutting,0.0,108.8,0.05,0.5,0.05,STOPPED,70.92,0
2026-09-29 10:02:42,M1,Cutting,1489.07,108.79,0.5731,14.12,0.05,CRITICAL,71.0,10
2026-09-29 10:07:42,M1,Cutting,1494.28,110.0,0.5829,13.88,0.05,CRITICAL,71.08,10
2026-09-29 10:12:42,M1,Cutting,1492.12,110.0,0.5738,14.04,0.05,CRITICAL,71.17,10
2026-09-29 10:17:42,M1,Cutting,1195.83,110.0,0.4842,10.27,0.05,CRITICAL,71.25,8
2026-09-29 10:22:42,M1,Cutting,1485.19,110.0,0.5777,14.16,0.05,CRITICAL,71.33,10
2026-09-29 10:27:42,M1,Cutting,1501.74,110.0,0.5977,13.93,0.05,CRITICAL,71.42,10
2026-09-29 10:32:42,M1,Cutting,1806.9,110.0,0.6499,17.49,0.05,CRITICAL,71.5,12
2026-09-29 10:37:42,M1,Cutting,1192.29,110.0,0.492,10.36,0.05,CRITICAL,71.58,8
2026-09-29 10:42:42,M1,Cutting,1787.07,110.0,0.6863,17.83,0.05,CRITICAL,71.67,12
2026-09-29 10:47:42,M1,Cutting,1492.48,110.0,0.558,14.01,0.05,CRITICAL,71.75,10
2026-09-29 10:52:42,M1,Cutting,1503.68,110.0,0.5856,14.04,0.05,CRITICAL,71.83,10
2026-09-29 10:57:42,M1,Cutting,1495.99,110.0,0.5951,14.29,0.05,CRITICAL,71.92,10
2026-09-29 11:02:42,M1,Cutting,1192.39,109.84,0.483,10.65,0.05,CRITICAL,72.0,8
2026-09-29 11:07:42,M1,Cutting,756.11,108.94,0.3864,6.47,0.05,CRITICAL,72.08,5
2026-09-29 11:12:42,M1,Cutting,1187.7,108.95,0.4942,10.56,0.05,CRITICAL,72.17,8
2026-09-29 11:17:42,M1,Cutting,1490.61,109.66,0.5771,13.98,0.05,CRITICAL,72.25,10
2026-09-29 11:22:42,M1,Cutting,1213.43,110.0,0.4891,10.2,0.05,CRITICAL,72.33,8
2026-09-29 11:27:42,M1,Cutting,1200.64,110.0,0.5039,10.41,0.05,CRITICAL,72.42,8
2026-09-29 11:32:42,M1,Cutting,1191.21,110.0,0.4958,10.87,0.05,CRITICAL,72.5,8
2026-09-29 11:37:42,M1,Cutting,1508.14,110.0,0.5947,14.15,0.05,CRITICAL,72.58,10
2026-09-29 11:42:42,M1,Cutting,1488.0,110.0,0.5958,13.84,0.05,CRITICAL,72.67,10
2026-09-29 11:47:42,M1,Cutting,0.0,108.8,0.05,0.5,0.05,STOPPED,72.75,0
2026-09-29 11:52:42,M1,Cutting,1497.65,109.54,0.586,14.27,0.05,CRITICAL,72.83,10
2026-09-29 11:57:42,M1,Cutting,744.59,108.74,0.4163,6.02,0.05,CRITICAL,72.92,5
2026-09-29 12:02:42,M1,Cutting,1813.04,110.0,0.6641,17.7,0.05,CRITICAL,73.0,12
2026-09-29 12:07:42,M1,Cutting,1490.73,110.0,0.573,13.66,0.05,CRITICAL,73.08,10
2026-09-29 12:12:42,M1,Cutting,1202.46,109.87,0.5195,10.37,0.05,CRITICAL,73.17,8
2026-09-29 12:17:42,M1,Cutting,1801.09,110.0,0.694,17.25,0.05,CRITICAL,73.25,12
2026-09-29 12:22:42,M1,Cutting,1499.55,110.0,0.5826,14.07,0.05,CRITICAL,73.33,10
2026-09-29 12:27:42,M1,Cutting,1810.7,110.0,0.7091,17.85,0.05,CRITICAL,73.42,12
2026-09-29 12:32:42,M1,Cutting,1503.11,110.0,0.5862,13.98,0.05,CRITICAL,73.5,10
2026-09-29 12:37:42,M1,Cutting,1193.87,109.48,0.5123,10.58,0.05,CRITICAL,73.58,8
2026-09-29 12:42:42,M1,Cutting,1204.21,109.42,0.4938,10.49,0.05,CRITICAL,73.67,8
2026-09-29 12:47:42,M1,Cutting,0.0,108.22,0.05,0.5,0.05,STOPPED,73.75,0
2026-09-29 12:52:42,M1,Cutting,1497.85,108.89,0.5944,13.63,0.05,CRITICAL,73.83,10
2026-09-29 12:57:42,M1,Cutting,1496.86,109.65,0.6051,13.86,0.05,CRITICAL,73.92,10
2026-09-29 13:02:42,M1,Cutting,1496.13,110.0,0.5899,13.81,0.05,CRITICAL,74.0,10
2026-09-29 13:07:42,M1,Cutting,0.0,108.8,0.05,0.5,0.05,STOPPED,74.08,0
2026-09-29 13:12:42,M1,Cutting,1514.51,109.68,0.5749,13.93,0.05,CRITICAL,74.17,10
2026-09-29 13:17:42,M1,Cutting,1499.22,110.0,0.6115,13.78,0.05,CRITICAL,74.25,10
2026-09-29 13:22:42,M1,Cutting,1503.17,110.0,0.5461,14.05,0.05,CRITICAL,74.33,10
2026-09-29 13:27:42,M1,Cutting,1507.15,110.0,0.5935,13.95,0.05,CRITICAL,74.42,10
2026-09-29 13:32:42,M1,Cutting,1775.94,110.0,0.6761,17.89,0.05,CRITICAL,74.5,12
2026-09-29 13:37:42,M1,Cutting,1494.59,110.0,0.5847,13.69,0.05,CRITICAL,74.58,10
2026-09-29 13:42:42,M1,Cutting,1503.95,110.0,0.5656,13.43,0.05,CRITICAL,74.67,10
2026-09-29 13:47:42,M1,Cutting,1498.72,110.0,0.5847,14.09,0.05,CRITICAL,74.75,10
2026-09-29 13:52:42,M1,Cutting,1500.36,110.0,0.5753,14.11,0.05,CRITICAL,74.83,10
2026-09-29 13:57:42,M1,Cutting,1815.91,110.0,0.6875,18.23,0.05,CRITICAL,74.92,12
2026-09-29 14:02:42,M1,Cutting,0.0,108.8,0.05,0.5,0.05,STOPPED,75.0,0
2026-09-29 14:07:42,M1,Cutting,1220.09,109.01,0.4697,10.58,0.05,CRITICAL,75.08,8
2026-09-29 14:12:42,M1,Cutting,1802.21,110.0,0.7128,17.78,0.05,CRITICAL,75.17,12
2026-09-29 14:17:42,M1,Cutting,1196.83,109.88,0.4638,10.36,0.05,CRITICAL,75.25,8
2026-09-29 14:22:42,M1,Cutting,1211.63,109.47,0.5059,10.57,0.05,CRITICAL,75.33,8
2026-09-29 14:27:42,M1,Cutting,1193.92,109.09,0.493,10.44,0.05,CRITICAL,75.42,8
2026-09-29 14:32:42,M1,Cutting,1501.31,110.0,0.5816,14.44,0.05,CRITICAL,75.5,10
2026-09-29 14:37:42,M1,Cutting,1508.46,110.0,0.5918,14.04,0.05,CRITICAL,75.58,10
2026-09-29 14:42:42,M1,Cutting,1499.27,110.0,0.5782,13.82,0.05,CRITICAL,75.67,10
2026-09-29 14:47:42,M1,Cutting,1494.0,110.0,0.5736,13.75,0.05,CRITICAL,75.75,10
2026-09-29 14:52:42,M1,Cutting,1491.03,110.0,0.5746,14.19,0.05,CRITICAL,75.83,10
2026-09-29 14:57:42,M1,Cutting,1499.22,110.0,0.5737,13.6,0.05,CRITICAL,75.92,10
2026-09-29 15:02:42,M1,Cutting,1499.46,110.0,0.5598,14.07,0.05,CRITICAL,76.0,10
2026-09-29 15:07:42,M1,Cutting,0.0,108.8,0.05,0.5,0.05,STOPPED,76.08,0
2026-09-29 15:12:42,M1,Cutting,1509.28,109.37,0.5855,14.19,0.05,CRITICAL,76.17,10
2026-09-29 15:17:42,M1,Cutting,1801.16,110.0,0.7027,17.64,0.05,CRITICAL,76.25,12
2026-09-29 15:22:42,M1,Cutting,1188.13,110.0,0.4696,10.54,0.05,CRITICAL,76.33,8
2026-09-29 15:27:42,M1,Cutting,1496.94,110.0,0.5723,13.86,0.05,CRITICAL,76.42,10
2026-09-29 15:32:42,M1,Cutting,1492.21,110.0,0.5585,14.14,0.05,CRITICAL,76.5,10
2026-09-29 15:37:42,M1,Cutting,0.0,108.8,0.05,0.5,0.05,STOPPED,76.58,0
2026-09-29 15:42:42,M1,Cutting,744.96,108.12,0.388,6.39,0.05,CRITICAL,76.67,5
2026-09-29 15:47:42,M1,Cutting,1512.26,108.95,0.5841,14.01,0.05,CRITICAL,76.75,10
2026-09-29 15:52:42,M1,Cutting,1490.98,109.79,0.5775,14.23,0.05,CRITICAL,76.83,10
2026-09-29 15:57:42,M1,Cutting,1486.23,110.0,0.5939,13.82,0.05,CRITICAL,76.92,10
2026-09-29 16:02:42,M1,Cutting,1495.24,110.0,0.5765,14.18,0.05,CRITICAL,77.0,10
2026-09-29 16:07:42,M1,Cutting,1808.67,110.0,0.7159,18.1,0.05,CRITICAL,77.08,12
2026-09-29 16:12:42,M1,Cutting,1483.49,110.0,0.5854,13.94,0.05,CRITICAL,77.17,10
2026-09-29 16:17:42,M1,Cutting,1502.59,110.0,0.5813,14.46,0.05,CRITICAL,77.25,10
2026-09-29 16:22:42,M1,Cutting,1483.71,110.0,0.5574,14.01,0.05,CRITICAL,77.33,10
2026-09-29 16:27:42,M1,Cutting,1495.18,110.0,0.5912,14.06,0.05,CRITICAL,77.42,10
2026-09-29 16:32:42,M1,Cutting,1202.46,110.0,0.5104,10.42,0.05,CRITICAL,77.5,8
2026-09-29 16:37:42,M1,Cutting,1813.75,110.0,0.6876,17.28,0.05,CRITICAL,77.58,12
2026-09-29 16:42:42,M1,Cutting,1486.06,110.0,0.5845,13.89,0.05,CRITICAL,77.67,10
2026-09-29 16:47:42,M1,Cutting,1796.0,110.0,0.7083,17.86,0.05,CRITICAL,77.75,12
2026-09-29 16:52:42,M1,Cutting,1502.36,110.0,0.5851,13.84,0.05,CRITICAL,77.83,10
2026-09-29 16:57:42,M1,Cutting,1796.75,110.0,0.6903,17.65,0.05,CRITICAL,77.92,12
2026-09-29 17:02:42,M1,Cutting,1804.12,110.0,0.6845,17.94,0.05,CRITICAL,78.0,12
2026-09-29 17:07:42,M1,Cutting,1488.82,110.0,0.58,14.24,0.05,CRITICAL,78.08,10
2026-09-29 17:12:42,M1,Cutting,1508.64,110.0,0.5986,14.19,0.05,CRITICAL,78.17,10
2026-09-29 17:17:42,M1,Cutting,1802.82,110.0,0.6914,17.6,0.05,CRITICAL,78.25,12
2026-09-29 17:22:42,M1,Cutting,1504.33,110.0,0.5816,14.18,0.05,CRITICAL,78.33,10
2026-09-29 17:27:42,M1,Cutting,1506.21,110.0,0.5981,13.99,0.05,CRITICAL,78.42,10
2026-09-29 17:32:42,M1,Cutting,1497.19,110.0,0.5662,13.56,0.05,CRITICAL,78.5,10
2026-09-29 17:37:42,M1,Cutting,1792.07,110.0,0.6869,17.96,0.05,CRITICAL,78.58,12
2026-09-29 17:42:42,M1,Cutting,1800.82,110.0,0.659,17.68,0.05,CRITICAL,78.67,12
2026-09-29 17:47:42,M1,Cutting,1507.97,110.0,0.5598,14.11,0.05,CRITICAL,78.75,10
2026-09-29 17:52:42,M1,Cutting,1197.28,109.73,0.4958,10.69,0.05,CRITICAL,78.83,8
2026-09-29 17:57:42,M1,Cutting,1498.3,110.0,0.5521,14.24,0.05,CRITICAL,78.92,10
2026-09-29 18:02:42,M1,Cutting,1503.85,110.0,0.575,14.3,0.05,CRITICAL,79.0,10
2026-09-29 18:07:42,M1,Cutting,1500.99,110.0,0.5736,13.87,0.05,CRITICAL,79.08,10
2026-09-29 18:12:42,M1,Cutting,1190.74,109.67,0.5024,10.32,0.05,CRITICAL,79.17,8
2026-09-29 18:17:42,M1,Cutting,1505.98,110.0,0.5903,14.28,0.05,CRITICAL,79.25,10
2026-09-29 18:22:42,M1,Cutting,1795.36,110.0,0.6988,17.54,0.05,CRITICAL,79.33,12
2026-09-29 18:27:42,M1,Cutting,740.83,109.93,0.4136,6.34,0.05,CRITICAL,79.42,5
2026-09-29 18:32:42,M1,Cutting,1206.77,109.93,0.5038,10.69,0.05,CRITICAL,79.5,8
2026-09-29 18:37:42,M1,Cutting,1801.6,110.0,0.6856,17.76,0.05,CRITICAL,79.58,12
2026-09-29 18:42:42,M1,Cutting,1493.24,110.0,0.5586,14.11,0.05,CRITICAL,79.67,10
2026-09-29 18:47:42,M1,Cutting,746.31,109.38,0.4193,6.17,0.05,CRITICAL,79.75,5
2026-09-29 18:52:42,M1,Cutting,753.16,108.57,0.3881,6.05,0.05,CRITICAL,79.83,5
2026-09-29 18:57:42,M1,Cutting,1811.73,110.0,0.6646,17.88,0.05,CRITICAL,79.92,12
2026-09-29 19:02:42,M1,Cutting,1492.33,110.0,0.5887,13.73,0.05,CRITICAL,80.0,10
2026-09-29 19:07:42,M1,Cutting,753.98,109.46,0.3839,6.18,0.05,CRITICAL,80.08,5
2026-09-29 19:12:42,M1,Cutting,755.26,108.48,0.4109,6.23,0.05,CRITICAL,80.17,5
2026-09-29 19:17:42,M1,Cutting,1495.41,109.69,0.5772,13.94,0.05,CRITICAL,80.25,10
2026-09-29 19:22:42,M1,Cutting,1502.79,110.0,0.5986,13.82,0.05,CRITICAL,80.33,10
2026-09-29 19:27:42,M1,Cutting,1815.78,110.0,0.7145,17.86,0.05,CRITICAL,80.42,12
2026-09-29 19:32:42,M1,Cutting,1499.58,110.0,0.5967,13.89,0.05,CRITICAL,80.5,10
2026-09-29 19:37:42,M1,Cutting,1208.72,109.81,0.5044,10.83,0.05,CRITICAL,80.58,8
2026-09-29 19:42:42,M1,Cutting,1201.73,109.88,0.504,10.53,0.05,CRITICAL,80.67,8
2026-09-29 19:47:42,M1,Cutting,1786.22,110.0,0.6809,17.39,0.05,CRITICAL,80.75,12
2026-09-29 19:52:42,M1,Cutting,752.96,109.34,0.3941,6.36,0.05,CRITICAL,80.83,5
2026-09-29 19:57:42,M1,Cutting,1501.86,109.86,0.5956,14.14,0.05,CRITICAL,80.92,10
2026-09-29 20:02:42,M1,Cutting,1799.36,110.0,0.6979,17.71,0.05,CRITICAL,81.0,12
2026-09-29 20:07:42,M1,Cutting,1205.59,110.0,0.4684,10.34,0.05,CRITICAL,81.08,8
2026-09-29 20:12:42,M1,Cutting,1506.33,110.0,0.5641,13.89,0.05,CRITICAL,81.17,10
2026-09-29 20:17:42,M1,Cutting,750.05,109.26,0.3998,6.41,0.05,CRITICAL,81.25,5
2026-09-29 20:22:42,M1,Cutting,0.0,108.06,0.05,0.5,0.05,STOPPED,81.33,0
2026-09-29 20:27:42,M1,Cutting,745.95,107.34,0.3875,6.07,0.05,CRITICAL,81.42,5
2026-09-29 20:32:42,M1,Cutting,1194.01,107.13,0.5198,10.54,0.05,CRITICAL,81.5,8
2026-09-29 20:37:42,M1,Cutting,1497.29,108.15,0.5846,13.97,0.05,CRITICAL,81.58,10
2026-09-29 20:42:42,M1,Cutting,1498.49,109.25,0.5963,14.24,0.05,CRITICAL,81.67,10
2026-09-29 20:47:42,M1,Cutting,1510.91,110.0,0.5733,13.72,0.05,CRITICAL,81.75,10
2026-09-29 20:52:42,M1,Cutting,1499.94,110.0,0.6019,14.03,0.05,CRITICAL,81.83,10
2026-09-29 20:57:42,M1,Cutting,1207.41,110.0,0.4703,10.63,0.05,CRITICAL,81.92,8
2026-09-29 21:02:42,M1,Cutting,1791.26,110.0,0.6998,17.72,0.05,CRITICAL,82.0,12
2026-09-29 21:07:42,M1,Cutting,1492.99,110.0,0.5828,14.23,0.05,CRITICAL,82.08,10
2026-09-29 21:12:42,M1,Cutting,761.54,109.39,0.3904,6.14,0.05,CRITICAL,82.17,5
2026-09-29 21:17:42,M1,Cutting,1498.08,110.0,0.5737,14.0,0.05,CRITICAL,82.25,10
2026-09-29 21:22:42,M1,Cutting,1492.9,110.0,0.6014,14.15,0.05,CRITICAL,82.33,10
2026-09-29 21:27:42,M1,Cutting,1505.12,110.0,0.6005,13.74,0.05,CRITICAL,82.42,10
2026-09-29 21:32:42,M1,Cutting,1503.09,110.0,0.5388,14.17,0.05,CRITICAL,82.5,10
2026-09-29 21:37:42,M1,Cutting,1488.28,110.0,0.5852,14.26,0.05,CRITICAL,82.58,10
2026-09-29 21:42:42,M1,Cutting,1506.51,110.0,0.6033,14.03,0.05,CRITICAL,82.67,10
2026-09-29 21:47:42,M1,Cutting,1798.13,110.0,0.6719,18.3,0.05,CRITICAL,82.75,12
2026-09-29 21:52:42,M1,Cutting,1498.01,110.0,0.5919,14.13,0.05,CRITICAL,82.83,10
2026-09-29 21:57:42,M1,Cutting,1791.4,110.0,0.6888,17.8,0.05,CRITICAL,82.92,12
2026-09-29 22:02:42,M1,Cutting,1811.86,110.0,0.6854,17.72,0.05,CRITICAL,83.0,12
2026-09-29 22:07:42,M1,Cutting,1501.58,110.0,0.5432,14.08,0.05,CRITICAL,83.08,10
2026-09-29 22:12:42,M1,Cutting,1505.22,110.0,0.5667,13.67,0.05,CRITICAL,83.17,10
2026-09-29 22:17:42,M1,Cutting,1507.45,110.0,0.606,14.15,0.05,CRITICAL,83.25,10
2026-09-29 22:22:42,M1,Cutting,1198.15,110.0,0.482,10.47,0.05,CRITICAL,83.33,8
